date,day_of_week,is_weekend,month,day_of_year,academic_phase,is_holiday,avg_temp_c,max_temp_c,rainfall_mm,cloud_cover,power_cut_hours,occupancy_total,hostellers_present,day_scholars_present,electricity_kwh,diesel_l,water_l,waste_kg,lpg_kg,solar_kwh_generated,carbon_kg,carbon_kg_next_day
2023-01-01,6,1,1,1,winter_break,1,22.9,29.3,0.0,0.18,0.56,1010,680,82,5539.0,13.9,98883.7,255.8,14.23,840.8,4219.0,4239.3
2023-01-02,0,0,1,2,winter_break,0,23.7,30.3,0.0,0.22,0.11,1010,680,82,5583.0,2.7,103667.1,246.1,15.38,811.6,4239.3,4508.5
2023-01-03,1,0,1,3,winter_break,0,23.0,29.4,0.0,0.12,0,1010,680,82,6054.5,0.0,120568.9,239.0,13.98,884.5,4508.5,8811.3
2023-01-04,2,0,1,4,even_sem_classes,0,24.6,32.0,0.0,0.21,0,7557,3298,3854,9446.3,0.0,596178.1,1799.9,87.1,818.9,8811.3,9819.5
2023-01-05,3,0,1,5,even_sem_classes,0,23.5,29.0,0.0,0.01,0,7557,3298,3854,10087.4,0.0,621113.4,1812.2,86.38,964.7,9819.5,9841.5
2023-01-06,4,0,1,6,even_sem_classes,0,22.8,29.6,0.0,0.09,0,7557,3298,3854,9832.3,0.0,630185.2,1809.9,89.29,906.4,9841.5,7013.0
2023-01-07,5,1,1,7,even_sem_classes,0,21.8,27.4,0.0,0.14,0,3875,3060,410,7145.6,0.0,508789.4,917.8,59.13,869.9,7013.0,6916.7
2023-01-08,6,1,1,8,even_sem_classes,0,21.8,26.8,0.0,0.15,0.16,3875,3060,410,7558.9,4.9,477653.8,938.7,64.08,862.7,6916.7,9356.0
2023-01-09,0,0,1,9,even_sem_classes,0,23.2,29.2,0.0,0.0,0.49,7557,3298,3854,9768.9,18.7,621001.0,1814.1,87.71,972.0,9356.0,10038.9
2023-01-10,1,0,1,10,even_sem_classes,0,22.4,29.9,0.0,0.09,0.2,7557,3298,3854,10198.3,7.6,614267.3,1817.6,86.04,906.4,10038.9,9567.7
2023-01-11,2,0,1,11,even_sem_classes,0,23.6,30.8,0.0,0.12,0.13,7557,3298,3854,9396.2,5.0,684198.1,1774.4,85.06,884.5,9567.7,9875.5
2023-01-12,3,0,1,12,even_sem_classes,0,22.5,28.9,0.0,0.1,0,7557,3298,3854,9902.5,0.0,658590.4,1825.9,86.82,899.1,9875.5,10146.0
2023-01-13,4,0,1,13,even_sem_classes,0,19.7,26.8,0.0,0.14,0.43,7557,3298,3854,10146.3,16.4,676005.0,1822.4,84.87,869.9,10146.0,7173.4
2023-01-14,5,1,1,14,even_sem_classes,1,21.3,27.0,0.0,0.16,0,3500,2890,205,7441.7,0.0,403993.2,853.3,56.14,855.4,7173.4,7078.4
2023-01-15,6,1,1,15,even_sem_classes,1,24.7,31.5,0.0,0.19,0,3500,2890,205,7916.5,0.0,445699.1,846.0,55.93,833.5,7078.4,9343.4
2023-01-16,0,0,1,16,even_sem_classes,0,21.8,28.3,0.0,0.16,0,7557,3298,3854,9661.1,0.0,620842.6,1810.8,88.82,855.4,9343.4,9683.5
2023-01-17,1,0,1,17,even_sem_classes,0,21.5,28.2,0.0,0.14,0,7557,3298,3854,9664.1,0.0,707741.7,1804.2,84.48,869.9,9683.5,9955.6
2023-01-18,2,0,1,18,even_sem_classes,0,21.5,28.0,0.0,0.08,0.42,7557,3298,3854,9955.1,16.0,636348.8,1832.8,86.7,913.7,9955.6,9978.2
2023-01-19,3,0,1,19,even_sem_classes,0,22.4,30.6,0.0,0.22,0.18,7557,3298,3854,9861.3,6.9,596194.7,1837.3,88.38,811.6,9978.2,10094.7
2023-01-20,4,0,1,20,even_sem_classes,0,20.9,27.0,0.0,0.17,0,7557,3298,3854,10127.4,0.0,633512.7,1798.8,86.56,848.1,10094.7,7304.6
2023-01-21,5,1,1,21,even_sem_classes,0,21.7,27.1,0.0,0.23,0.26,3875,3060,410,7395.5,8.0,499790.3,930.1,61.57,804.3,7304.6,6742.8
2023-01-22,6,1,1,22,even_sem_classes,0,20.8,27.6,0.0,0.15,0.76,3875,3060,410,7218.6,23.3,477000.4,925.4,60.45,862.7,6742.8,9664.1
2023-01-23,0,0,1,23,even_sem_classes,0,24.0,30.5,0.0,0.32,0,7557,3298,3854,10063.1,0.0,645494.8,1817.1,87.27,738.7,9664.1,9844.3
2023-01-24,1,0,1,24,even_sem_classes,0,22.8,29.6,0.0,0.13,0.6,7557,3298,3854,9714.2,22.9,623828.1,1861.2,84.48,877.2,9844.3,9794.9
2023-01-25,2,0,1,25,even_sem_classes,0,20.2,26.2,0.0,0.07,0.84,7557,3298,3854,9694.0,32.0,596495.5,1813.6,85.27,921.0,9794.9,7263.5
2023-01-26,3,0,1,26,even_sem_classes,1,20.7,26.7,0.0,0.29,0.72,3500,2890,205,7516.9,21.5,436650.0,821.4,54.88,760.6,7263.5,9451.3
2023-01-27,4,0,1,27,even_sem_classes,0,21.8,28.7,0.0,0.15,0.48,7557,3298,3854,9767.9,18.3,592987.6,1797.9,84.87,862.7,9451.3,7258.5
2023-01-28,5,1,1,28,even_sem_classes,0,22.4,28.7,0.0,0.16,0.38,3875,3060,410,7540.6,11.6,443817.4,919.9,62.89,855.4,7258.5,7051.8
2023-01-29,6,1,1,29,even_sem_classes,0,22.8,29.7,0.0,0.19,0.08,3875,3060,410,7668.0,2.5,478586.9,958.3,59.34,833.5,7051.8,9195.0
2023-01-30,0,0,1,30,even_sem_classes,0,22.4,28.4,0.0,0.23,0,7557,3298,3854,9439.5,0.0,556229.9,1812.6,85.63,804.3,9195.0,9913.2
2023-01-31,1,0,1,31,even_sem_classes,0,22.0,27.9,0.0,0.2,0.02,7557,3298,3854,10014.1,0.8,624538.2,1802.4,85.39,826.2,9913.2,9594.5
2023-02-01,2,0,2,32,even_sem_classes,0,20.2,26.0,0.0,0.1,0,7557,3298,3854,9459.3,0.0,619640.7,1817.4,85.24,899.1,9594.5,10112.2
2023-02-02,3,0,2,33,even_sem_classes,0,20.8,27.6,3.3,0.09,0.04,7557,3298,3854,10296.4,1.5,584054.4,1808.6,86.38,906.4,10112.2,9757.7
2023-02-03,4,0,2,34,even_sem_classes,0,21.6,29.4,0.0,0.0,0.28,7557,3298,3854,9685.1,10.7,624425.2,1820.0,84.64,972.0,9757.7,7417.3
2023-02-04,5,1,2,35,even_sem_classes,0,23.8,30.7,0.0,0.0,0.14,3875,3060,410,7789.8,4.3,493010.8,945.7,61.74,972.0,7417.3,6683.4
2023-02-05,6,1,2,36,even_sem_classes,0,20.8,27.0,0.0,0.11,0.62,3875,3060,410,7176.1,19.0,478710.6,901.3,63.02,891.8,6683.4,9422.7
2023-02-06,0,0,2,37,even_sem_classes,0,21.8,27.4,0.0,0.35,0.44,7557,3298,3854,9633.1,16.8,609133.5,1839.9,88.15,716.9,9422.7,9870.7
2023-02-07,1,0,2,38,even_sem_classes,0,22.9,29.8,0.0,0.09,0,7557,3298,3854,9982.1,0.0,621044.9,1803.3,86.76,906.4,9870.7,10244.1
2023-02-08,2,0,2,39,even_sem_classes,0,21.6,27.4,0.0,0.33,0.0,7557,3298,3854,10245.6,0.0,544846.8,1838.6,82.33,731.4,10244.1,10105.2
2023-02-09,3,0,2,40,even_sem_classes,0,20.9,29.0,0.0,0.33,0.31,7557,3298,3854,9895.4,11.8,640338.0,1823.8,85.61,731.4,10105.2,9890.4
2023-02-10,4,0,2,41,even_sem_classes,0,20.6,26.3,0.0,0.08,0,7557,3298,3854,9857.6,0.0,614377.0,1812.8,87.45,913.7,9890.4,7313.7
2023-02-11,5,1,2,42,even_sem_classes,0,20.9,27.1,0.0,0.0,0.0,3875,3060,410,7691.5,0.0,450385.8,918.5,59.46,972.0,7313.7,7019.2
2023-02-12,6,1,2,43,even_sem_classes,0,23.5,29.8,0.0,0.07,0,3875,3060,410,7749.8,0.0,457572.0,937.5,57.47,921.0,7019.2,9624.4
2023-02-13,0,0,2,44,even_sem_classes,0,22.8,28.5,0.0,0.0,0,7557,3298,3854,10198.9,0.0,640116.3,1813.7,84.0,972.0,9624.4,10041.1
2023-02-14,1,0,2,45,even_sem_classes,0,22.1,28.1,0.0,0.06,0.16,7557,3298,3854,10178.3,6.1,659420.1,1798.1,86.09,928.3,10041.1,9743.2
2023-02-15,2,0,2,46,even_sem_classes,0,21.9,27.3,0.0,0.14,0.29,7557,3298,3854,9602.2,11.1,604609.6,1804.2,85.89,869.9,9743.2,10067.4
2023-02-16,3,0,2,47,even_sem_classes,0,21.7,28.3,0.0,0.26,0.36,7557,3298,3854,10036.3,13.7,600974.9,1806.5,85.21,782.5,10067.4,10200.2
2023-02-17,4,0,2,48,even_sem_classes,0,20.3,26.8,5.6,0.29,0,7557,3298,3854,10117.2,0.0,634915.7,1830.6,89.16,760.6,10200.2,7522.1
2023-02-18,5,1,2,49,even_sem_classes,0,21.2,27.6,0.0,0.21,0,3875,3060,410,7732.0,0.0,428536.8,950.1,60.45,818.9,7522.1,7099.5
2023-02-19,6,1,2,50,even_sem_classes,0,23.7,29.7,0.0,0.13,0,3875,3060,410,7762.7,0.0,435576.2,949.8,59.11,877.2,7099.5,9255.9
2023-02-20,0,0,2,51,even_sem_classes,0,20.7,27.3,0.0,0.04,0,7557,3298,3854,9629.6,0.0,609076.2,1812.8,86.38,942.8,9255.9,9866.6
2023-02-21,1,0,2,52,even_sem_classes,0,21.4,28.5,0.0,0.1,0.04,7557,3298,3854,9975.5,1.5,661814.0,1812.2,85.26,899.1,9866.6,10133.9
2023-02-22,2,0,2,53,even_sem_classes,0,20.4,27.5,0.0,0.18,0.38,7557,3298,3854,10176.6,14.5,591912.8,1803.8,83.0,840.8,10133.9,9800.0
2023-02-23,3,0,2,54,even_sem_classes,0,21.7,27.4,1.2,0.31,0.53,7557,3298,3854,9502.0,20.2,570290.5,1825.8,83.83,746.0,9800.0,10007.0
2023-02-24,4,0,2,55,even_sem_classes,0,21.2,27.8,0.0,0.22,0.35,7557,3298,3854,9971.8,13.3,601359.2,1799.9,86.64,811.6,10007.0,7645.7
2023-02-25,5,1,2,56,even_sem_classes,0,22.7,30.0,4.8,0.17,0.32,3875,3060,410,7939.4,9.8,466579.3,941.0,61.86,848.1,7645.7,6848.0
2023-02-26,6,1,2,57,even_sem_classes,0,22.7,29.4,0.0,0.07,0.53,3875,3060,410,7361.9,16.2,487477.0,935.6,59.6,921.0,6848.0,9351.8
2023-02-27,0,0,2,58,even_sem_classes,0,21.9,28.4,0.0,0.24,0.08,7557,3298,3854,9710.6,3.0,571446.7,1799.1,83.74,797.0,9351.8,9782.7
2023-02-28,1,0,2,59,even_sem_classes,0,22.4,28.7,3.5,0.28,0,7557,3298,3854,9687.8,0.0,624365.3,1836.5,85.88,767.9,9782.7,9555.4
2023-03-01,2,0,3,60,even_sem_classes,0,21.1,26.5,0.0,0.05,0.41,7557,3298,3854,9419.8,15.6,620290.9,1815.8,84.93,935.6,9555.4,10023.1
2023-03-02,3,0,3,61,even_sem_classes,0,23.3,30.6,0.0,0.12,0.49,7557,3298,3854,10090.6,18.7,604899.8,1808.7,86.2,884.5,10023.1,9817.7
2023-03-03,4,0,3,62,even_sem_classes,0,19.7,25.8,0.0,0.12,0.14,7557,3298,3854,9736.8,5.3,588199.4,1820.0,84.42,884.5,9817.7,7236.4
2023-03-04,5,1,3,63,even_sem_classes,0,21.8,29.2,0.0,0.0,0.49,3875,3060,410,7552.1,15.0,478123.3,909.3,58.36,972.0,7236.4,6911.4
2023-03-05,6,1,3,64,even_sem_classes,0,22.6,29.7,0.0,0.13,0,3875,3060,410,7568.3,0.0,426641.4,939.6,60.26,877.2,6911.4,9648.0
2023-03-06,0,0,3,65,even_sem_classes,0,24.0,30.7,0.0,0.11,0.09,7557,3298,3854,10181.5,3.4,591753.6,1804.3,88.67,891.8,9648.0,10201.2
2023-03-07,1,0,3,66,even_sem_classes,0,22.3,29.0,0.0,0.21,0,7557,3298,3854,10318.0,0.0,607370.8,1802.2,89.43,818.9,10201.2,9786.7
2023-03-08,2,0,3,67,even_sem_classes,0,22.1,29.7,0.0,0.23,0.1,7557,3298,3854,9599.2,3.8,593103.9,1799.8,85.96,804.3,9786.7,9907.9
2023-03-09,3,0,3,68,even_sem_classes,0,21.5,28.3,0.0,0.3,0,7557,3298,3854,9813.6,0.0,583077.1,1810.6,85.75,753.3,9907.9,10015.8
2023-03-10,4,0,3,69,even_sem_classes,0,21.1,27.4,0.0,0.07,0.22,7557,3298,3854,10034.7,8.4,642673.9,1826.4,85.86,921.0,10015.8,7448.2
2023-03-11,5,1,3,70,even_sem_classes,0,21.4,28.1,0.0,0.26,0.44,3875,3060,410,7589.0,13.5,458790.9,936.8,60.97,782.5,7448.2,7405.1
2023-03-12,6,1,3,71,even_sem_classes,0,22.9,29.4,0.0,0.17,0,3875,3060,410,8216.7,0.0,427320.7,922.4,62.72,848.1,7405.1,9618.3
2023-03-13,0,0,3,72,even_sem_classes,0,23.8,28.7,0.0,0.16,0,7557,3298,3854,9981.0,0.0,618836.9,1818.1,87.38,855.4,9618.3,9840.4
2023-03-14,1,0,3,73,even_sem_classes,0,21.8,28.6,0.0,0.06,0.01,7557,3298,3854,9882.7,0.4,638241.3,1829.2,84.2,928.3,9840.4,10046.1
2023-03-15,2,0,3,74,even_sem_classes,0,25.6,33.1,0.0,0.27,0.13,7557,3298,3854,10015.5,5.0,581531.3,1811.4,83.0,775.2,10046.1,9807.2
2023-03-16,3,0,3,75,even_sem_classes,0,23.1,30.3,0.0,0.14,0,7557,3298,3854,9706.2,0.0,634689.9,1810.4,86.32,869.9,9807.2,9983.8
2023-03-17,4,0,3,76,even_sem_classes,0,24.0,30.7,0.0,0.2,0.41,7557,3298,3854,9939.8,15.6,593630.6,1806.8,86.06,826.2,9983.8,7237.1
2023-03-18,5,1,3,77,even_sem_classes,0,24.2,30.4,0.0,0.04,0.55,3875,3060,410,7479.1,16.9,437005.3,914.4,62.04,942.8,7237.1,6915.5
2023-03-19,6,1,3,78,even_sem_classes,0,22.0,27.4,0.0,0.11,0.13,3875,3060,410,7553.3,4.0,470936.4,941.1,60.59,891.8,6915.5,9165.7
2023-03-20,0,0,3,79,even_sem_classes,0,21.1,27.5,0.0,0.2,0,7557,3298,3854,9435.7,0.0,578963.0,1813.6,86.16,826.2,9165.7,10135.7
2023-03-21,1,0,3,80,even_sem_classes,0,22.8,28.6,0.0,0.19,0.72,7557,3298,3854,10241.0,27.4,635520.2,1796.8,91.41,833.5,10135.7,9744.8
2023-03-22,2,0,3,81,even_sem_classes,0,21.4,27.6,0.0,0.08,0.09,7557,3298,3854,9687.8,3.4,575136.9,1786.5,86.62,913.7,9744.8,9963.3
2023-03-23,3,0,3,82,even_sem_classes,0,24.1,30.0,0.0,0.06,0,7557,3298,3854,10112.0,0.0,585632.0,1787.7,84.68,928.3,9963.3,10063.2
2023-03-24,4,0,3,83,even_sem_classes,0,24.3,30.3,0.0,0.38,0,7557,3298,3854,9904.2,0.0,604121.2,1825.9,87.29,695.0,10063.2,7347.6
2023-03-25,5,1,3,84,even_sem_classes,0,22.7,26.8,0.0,0.12,0,3875,3060,410,7568.3,0.0,469323.6,943.1,60.69,884.5,7347.6,6896.7
2023-03-26,6,1,3,85,even_sem_classes,0,21.4,27.9,0.0,0.08,0.37,3875,3060,410,7524.6,11.3,457228.4,922.8,62.63,913.7,6896.7,9521.2
2023-03-27,0,0,3,86,even_sem_classes,0,22.8,29.3,0.0,0.21,0,7557,3298,3854,9904.3,0.0,682679.9,1812.1,85.06,818.9,9521.2,9809.7
2023-03-28,1,0,3,87,even_sem_classes,0,23.2,30.2,0.0,0.05,0,7557,3298,3854,9925.9,0.0,658547.3,1777.5,85.86,935.6,9809.7,9909.3
2023-03-29,2,0,3,88,even_sem_classes,0,24.5,29.7,0.0,0.3,0.52,7557,3298,3854,9706.0,19.8,605918.5,1839.8,82.77,753.3,9909.3,10200.9
2023-03-30,3,0,3,89,even_sem_classes,0,24.5,29.6,0.0,0.14,0,7557,3298,3854,10287.3,0.0,650490.3,1813.6,86.9,869.9,10200.9,10143.9
2023-03-31,4,0,3,90,even_sem_classes,0,24.4,30.3,0.0,0.25,0,7557,3298,3854,10047.4,0.0,632708.9,1835.2,84.8,789.8,10143.9,7142.0
2023-04-01,5,1,4,91,even_sem_classes,0,23.0,29.6,0.0,0.12,0.2,3875,3060,410,7242.3,6.1,435299.3,944.5,62.41,884.5,7142.0,6774.7
2023-04-02,6,1,4,92,even_sem_classes,0,20.7,26.9,0.0,0.15,0,3875,3060,410,7389.9,0.0,478444.4,918.5,58.96,862.7,6774.7,9619.7
2023-04-03,0,0,4,93,even_sem_classes,0,23.3,29.7,0.0,0.05,0.54,7557,3298,3854,10140.0,20.6,642264.3,1811.1,85.02,935.6,9619.7,9907.0
2023-04-04,1,0,4,94,even_sem_classes,0,22.1,29.6,0.0,0.0,0.16,7557,3298,3854,10067.1,6.1,604701.1,1788.8,86.07,972.0,9907.0,10041.3
2023-04-05,2,0,4,95,even_sem_classes,0,23.5,31.0,0.0,0.21,0.85,7557,3298,3854,9929.8,32.4,602026.7,1816.4,83.75,818.9,10041.3,10159.7
2023-04-06,3,0,4,96,even_sem_classes,0,22.1,27.4,0.0,0.2,0.86,7557,3298,3854,10047.5,32.8,606815.7,1827.7,86.91,826.2,10159.7,10254.1
2023-04-07,4,0,4,97,even_sem_classes,0,24.9,30.1,0.0,0.08,0.88,7557,3298,3854,10278.1,33.5,598171.1,1806.1,86.5,913.7,10254.1,7504.3
2023-04-08,5,1,4,98,even_sem_classes,0,23.6,29.5,0.0,0.17,0.89,3875,3060,410,7651.8,27.3,489186.2,916.9,61.49,848.1,7504.3,7217.3
2023-04-09,6,1,4,99,even_sem_classes,0,25.0,30.9,0.0,0.26,0.15,3875,3060,410,7849.8,4.6,469635.0,921.7,59.31,782.5,7217.3,9756.7
2023-04-10,0,0,4,100,even_sem_classes,0,24.9,31.5,0.0,0.28,0.6,7557,3298,3854,10057.8,22.9,659450.4,1810.6,85.49,767.9,9756.7,9906.0
2023-04-11,1,0,4,101,even_sem_classes,0,25.6,31.6,0.0,0.0,0.07,7557,3298,3854,10007.9,2.7,635637.9,1806.7,86.41,972.0,9906.0,9756.3
2023-04-12,2,0,4,102,even_sem_classes,0,22.8,28.7,0.0,0.26,0.14,7557,3298,3854,9619.8,5.3,583134.2,1789.6,83.54,782.5,9756.3,9782.8
2023-04-13,3,0,4,103,even_sem_classes,0,22.6,28.7,0.0,0.08,0,7557,3298,3854,9764.5,0.0,636531.0,1820.4,85.77,913.7,9782.8,9904.6
2023-04-14,4,0,4,104,even_sem_classes,0,23.8,30.9,0.0,0.24,0,7557,3298,3854,9842.0,0.0,626311.2,1803.6,86.56,797.0,9904.6,7659.5
2023-04-15,5,1,4,105,even_sem_classes,0,23.4,30.4,0.0,0.0,0.93,3875,3060,410,8002.2,28.5,499044.7,960.2,62.14,972.0,7659.5,7220.5
2023-04-16,6,1,4,106,even_sem_classes,0,23.3,31.8,0.0,0.12,0,3875,3060,410,7918.9,0.0,489451.9,931.6,58.45,884.5,7220.5,9626.6
2023-04-17,0,0,4,107,even_sem_classes,0,25.2,31.2,0.0,0.03,0.48,7557,3298,3854,10071.1,18.3,615537.3,1817.0,87.22,950.1,9626.6,9657.1
2023-04-18,1,0,4,108,even_sem_classes,0,23.9,30.9,0.0,0.11,0.64,7557,3298,3854,9504.6,24.4,604691.8,1828.2,88.1,891.8,9657.1,10248.7
2023-04-19,2,0,4,109,even_sem_classes,0,27.0,33.1,0.0,0.26,0.47,7557,3298,3854,10293.4,17.9,570957.3,1820.1,85.63,782.5,10248.7,9217.8
2023-04-20,3,0,4,110,even_sem_exam,0,22.3,27.7,0.0,0.23,0.23,6915,3230,3280,8985.3,8.5,555324.1,1660.6,81.42,804.3,9217.8,9079.2
2023-04-21,4,0,4,111,even_sem_exam,0,25.0,30.9,0.0,0.23,0.43,6915,3230,3280,8999.7,15.8,570796.0,1642.3,82.45,804.3,9079.2,7005.2
2023-04-22,5,1,4,112,even_sem_exam,0,25.0,31.1,0.0,0.19,0.54,3875,3060,410,7239.7,16.6,443768.0,911.7,60.34,833.5,7005.2,6769.0
2023-04-23,6,1,4,113,even_sem_exam,0,25.2,31.8,0.0,0.08,0.25,3875,3060,410,7433.8,7.7,462468.4,919.8,61.24,913.7,6769.0,9079.4
2023-04-24,0,0,4,114,even_sem_exam,0,27.5,33.8,0.0,0.2,0.94,6915,3230,3280,9449.3,34.6,594713.6,1665.8,81.05,826.2,9079.4,9220.8
2023-04-25,1,0,4,115,even_sem_exam,0,26.2,32.6,2.7,0.24,0.14,6915,3230,3280,9192.2,5.2,601421.4,1683.0,81.85,797.0,9220.8,9135.9
2023-04-26,2,0,4,116,even_sem_exam,0,23.8,30.1,0.0,0.17,0,6915,3230,3280,9135.8,0.0,607148.5,1663.8,80.9,848.1,9135.9,9295.5
2023-04-27,3,0,4,117,even_sem_exam,0,26.1,31.1,0.0,0.0,0.55,6915,3230,3280,9471.7,20.2,597686.3,1641.0,82.37,972.0,9295.5,9192.6
2023-04-28,4,0,4,118,even_sem_exam,0,23.4,30.0,0.0,0.27,0.55,6915,3230,3280,9095.7,20.2,594637.4,1646.9,79.65,775.2,9192.6,7219.8
2023-04-29,5,1,4,119,even_sem_exam,0,24.2,33.1,0.0,0.02,0.47,3875,3060,410,7599.4,14.4,481899.6,943.1,58.86,957.4,7219.8,6856.3
2023-04-30,6,1,4,120,even_sem_exam,0,26.2,31.4,0.0,0.08,0.41,3875,3060,410,7483.3,12.6,482458.6,924.2,60.94,913.7,6856.3,6888.6
2023-05-01,0,0,5,121,even_sem_exam,1,24.6,31.6,0.0,0.28,0.91,3500,2890,205,7556.0,27.2,446619.7,845.6,56.51,767.9,6888.6,8741.5
2023-05-02,1,0,5,122,even_sem_exam,0,26.0,31.1,0.0,0.04,0.15,6915,3230,3280,9170.2,5.5,598334.5,1646.2,82.82,942.8,8741.5,9123.5
2023-05-03,2,0,5,123,even_sem_exam,0,26.3,31.2,0.0,0.28,0.27,6915,3230,3280,9095.3,9.9,616082.5,1664.7,83.18,767.9,9123.5,8976.5
2023-05-04,3,0,5,124,even_sem_exam,0,26.5,33.3,0.0,0.04,0.73,6915,3230,3280,8939.9,26.9,561388.4,1682.5,77.69,942.8,8976.5,9473.8
2023-05-05,4,0,5,125,even_sem_exam,0,27.1,32.6,0.0,0.38,0.46,6915,3230,3280,9466.7,16.9,564957.3,1669.5,83.17,695.0,9473.8,7360.1
2023-05-06,5,1,5,126,even_sem_exam,0,26.2,33.4,4.6,0.17,0.22,3875,3060,410,7682.5,6.7,457122.0,927.2,60.57,848.1,7360.1,6715.8
2023-05-07,6,1,5,127,even_sem_exam,0,25.9,31.8,0.0,0.19,0.26,3875,3060,410,7193.0,8.0,452125.4,927.4,61.43,833.5,6715.8,8713.2
2023-05-08,0,0,5,128,even_sem_exam,0,27.0,32.6,0.0,0.05,0.17,6915,3230,3280,9153.3,6.3,563383.2,1663.9,81.07,935.6,8713.2,9177.6
2023-05-09,1,0,5,129,even_sem_exam,0,26.3,32.3,0.0,0.18,0,6915,3230,3280,9295.0,0.0,613385.9,1663.8,80.9,840.8,9177.6,9479.5
2023-05-10,2,0,5,130,even_sem_exam,0,26.9,33.2,0.0,0.22,0.34,6915,3230,3280,9550.7,12.5,633681.9,1660.8,81.71,811.6,9479.5,9346.1
2023-05-11,3,0,5,131,even_sem_exam,0,28.0,34.3,0.0,0.04,0.39,6915,3230,3280,9434.3,14.4,590782.1,1656.2,84.41,942.8,9346.1,9165.1
2023-05-12,4,0,5,132,even_sem_exam,0,27.5,34.7,0.0,0.05,0.27,6915,3230,3280,9220.2,9.9,589727.2,1661.6,79.83,935.6,9165.1,7700.0
2023-05-13,5,1,5,133,even_sem_exam,0,29.1,34.4,0.0,0.02,0.84,3875,3060,410,8255.2,25.7,462265.1,950.0,59.11,957.4,7700.0,7381.7
2023-05-14,6,1,5,134,even_sem_exam,0,27.2,33.5,0.0,0.23,0.53,3875,3060,410,7985.4,16.2,481735.4,941.8,61.75,804.3,7381.7,9055.2
2023-05-15,0,0,5,135,even_sem_exam,0,26.9,33.2,0.0,0.0,0.36,6915,3230,3280,9477.9,13.3,598151.9,1678.9,81.19,972.0,9055.2,9856.1
2023-05-16,1,0,5,136,even_sem_classes,0,26.0,33.1,0.0,0.3,0.36,7557,3298,3854,9854.3,13.7,548583.1,1824.4,83.83,753.3,9856.1,10262.2
2023-05-17,2,0,5,137,even_sem_classes,0,27.1,32.5,0.0,0.01,0.42,7557,3298,3854,10452.5,16.0,590426.6,1818.2,85.71,964.7,10262.2,10635.7
2023-05-18,3,0,5,138,even_sem_classes,0,28.2,34.0,0.0,0.15,0.88,7557,3298,3854,10690.0,33.5,669268.7,1827.6,87.06,862.7,10635.7,10050.2
2023-05-19,4,0,5,139,even_sem_classes,0,26.7,32.3,0.0,0.15,0.52,7557,3298,3854,9875.3,19.8,561595.2,1822.2,85.02,862.7,10050.2,7985.7
2023-05-20,5,1,5,140,even_sem_classes,0,27.2,33.3,0.0,0.16,0.86,3875,3060,410,8377.6,26.4,440764.5,949.8,59.68,855.4,7985.7,7549.3
2023-05-21,6,1,5,141,even_sem_classes,0,28.1,34.6,0.0,0.26,0.18,3875,3060,410,8204.4,5.5,447864.4,938.8,59.45,782.5,7549.3,10081.3
2023-05-22,0,0,5,142,even_sem_classes,0,28.8,34.1,0.0,0.05,0.47,7557,3298,3854,10671.2,17.9,603901.5,1802.6,85.43,935.6,10081.3,10182.5
2023-05-23,1,0,5,143,even_sem_classes,0,26.7,34.6,0.0,0.04,0.21,7557,3298,3854,10266.9,8.0,567563.6,1845.5,85.31,942.8,10182.5,10444.4
2023-05-24,2,0,5,144,even_sem_classes,0,27.4,32.3,0.0,0.02,0,7557,3298,3854,10701.3,0.0,632537.6,1793.1,86.96,957.4,10444.4,10346.4
2023-05-25,3,0,5,145,even_sem_classes,0,26.9,33.1,0.0,0.04,0.1,7557,3298,3854,10452.7,3.8,602237.7,1820.9,86.6,942.8,10346.4,11024.8
2023-05-26,4,0,5,146,even_sem_classes,0,31.2,37.2,0.0,0.16,1.26,7557,3298,3854,11177.5,48.0,657306.3,1829.0,87.37,855.4,11024.8,8005.7
2023-05-27,5,1,5,147,even_sem_classes,0,26.8,34.0,0.0,0.17,0.55,3875,3060,410,8191.2,16.9,483755.8,954.1,60.96,848.1,8005.7,7324.6
2023-05-28,6,1,5,148,even_sem_classes,0,26.8,33.8,0.0,0.24,0.25,3875,3060,410,7889.3,7.7,443246.7,934.2,60.58,797.0,7324.6,9995.6
2023-05-29,0,0,5,149,even_sem_classes,0,27.7,33.6,0.0,0.13,0,7557,3298,3854,10553.0,0.0,564548.1,1840.5,87.45,877.2,9995.6,10518.5
2023-05-30,1,0,5,150,even_sem_classes,0,28.9,35.3,0.0,0.25,0.89,7557,3298,3854,10560.9,33.9,620146.3,1805.9,85.79,789.8,10518.5,10537.5
2023-05-31,2,0,5,151,even_sem_classes,0,30.7,37.9,0.0,0.06,1.08,7557,3298,3854,10553.4,41.2,603433.5,1838.5,85.32,928.3,10537.5,6189.3
2023-06-01,3,0,6,152,summer_break,0,31.6,38.6,0.0,0.24,0.81,880,510,123,7014.5,19.9,86251.2,214.0,12.1,797.0,6189.3,5358.1
2023-06-02,4,0,6,153,summer_break,0,29.8,36.5,0.0,0.47,1.03,880,510,123,6605.8,25.3,90186.1,192.8,10.64,629.4,5358.1,5180.6
2023-06-03,5,1,6,154,summer_break,0,28.8,35.0,0.0,0.33,0.65,880,510,123,6634.6,16.0,86420.0,211.7,11.44,731.4,5180.6,4909.3
2023-06-04,6,1,6,155,summer_break,0,29.9,36.9,0.0,0.04,0.21,880,510,123,6512.2,5.2,85970.9,223.5,11.92,942.8,4909.3,5204.7
2023-06-05,0,0,6,156,summer_break,0,30.0,36.7,2.9,0.33,0.12,880,510,123,6808.6,3.0,87381.3,211.6,11.26,731.4,5204.7,5135.5
2023-06-06,1,0,6,157,summer_break,0,28.3,35.3,0.0,0.02,0.57,880,510,123,6810.9,14.0,92874.0,227.9,11.18,957.4,5135.5,4299.7
2023-06-07,2,0,6,158,summer_break,0,26.5,32.9,0.0,0.06,0.56,880,510,123,5629.9,13.8,77636.0,211.1,10.7,928.3,4299.7,4793.0
2023-06-08,3,0,6,159,summer_break,0,30.2,35.9,0.0,0.03,0,880,510,123,6555.8,0.0,82955.1,229.3,10.95,950.1,4793.0,4716.8
2023-06-09,4,0,6,160,summer_break,0,30.3,36.3,0.0,0.0,0.45,880,510,123,6316.8,11.1,81001.2,235.1,11.43,972.0,4716.8,4895.6
2023-06-10,5,1,6,161,summer_break,0,29.2,35.9,8.4,0.39,0.68,880,510,123,6321.6,16.7,92264.0,209.9,10.38,687.7,4895.6,5130.8
2023-06-11,6,1,6,162,summer_break,0,32.0,38.8,0.0,0.24,0.93,880,510,123,6687.6,22.9,89793.6,221.3,12.33,797.0,5130.8,4831.4
2023-06-12,0,0,6,163,summer_break,0,29.1,36.2,0.0,0.09,0,880,510,123,6420.9,0.0,91514.8,202.9,11.19,906.4,4831.4,4785.5
2023-06-13,1,0,6,164,summer_break,0,28.7,36.1,0.0,0.21,0.1,880,510,123,6302.1,2.5,92437.3,221.8,9.72,818.9,4785.5,5322.3
2023-06-14,2,0,6,165,summer_break,0,31.9,37.3,0.0,0.22,1.33,880,510,123,6937.6,32.7,77588.8,253.7,9.78,811.6,5322.3,5549.5
2023-06-15,3,0,6,166,summer_break,0,33.6,40.4,0.0,0.14,0.4,880,510,123,7366.5,9.8,111021.4,177.7,11.71,869.9,5549.5,5149.0
2023-06-16,4,0,6,167,summer_break,0,31.8,38.4,6.7,0.33,0.47,880,510,123,6595.2,11.6,90615.5,193.3,9.04,731.4,5149.0,4929.6
2023-06-17,5,1,6,168,summer_break,0,31.7,38.0,0.0,0.04,0.58,880,510,123,6536.3,14.3,90601.1,211.2,11.16,942.8,4929.6,4975.5
2023-06-18,6,1,6,169,summer_break,0,30.7,36.3,0.0,0.08,0.26,880,510,123,6631.2,6.4,91553.7,223.5,10.4,913.7,4975.5,5201.5
2023-06-19,0,0,6,170,summer_break,0,32.0,38.0,11.2,0.34,1.01,880,510,123,6693.3,24.8,92439.9,223.1,11.17,724.1,5201.5,4817.7
2023-06-20,1,0,6,171,summer_break,0,30.2,36.5,0.0,0.18,0.8,880,510,123,6303.2,19.7,84479.4,177.8,8.7,840.8,4817.7,5112.3
2023-06-21,2,0,6,172,summer_break,0,29.6,35.7,0.0,0.15,0.69,880,510,123,6785.1,17.0,92285.5,214.3,8.59,862.7,5112.3,5283.8
2023-06-22,3,0,6,173,summer_break,0,32.6,38.1,5.9,0.15,1.85,880,510,123,6870.0,45.5,110214.2,214.6,7.66,862.7,5283.8,5183.9
2023-06-23,4,0,6,174,summer_break,0,33.9,41.3,0.0,0.01,0.89,880,510,123,6858.2,21.9,127201.9,215.3,8.32,964.7,5183.9,5350.5
2023-06-24,5,1,6,175,summer_break,0,32.5,40.9,0.0,0.18,0.7,880,510,123,6997.8,17.2,119613.6,218.0,11.57,840.8,5350.5,5166.9
2023-06-25,6,1,6,176,summer_break,0,31.1,36.9,0.0,0.3,0,880,510,123,6703.5,0.0,93007.7,203.8,10.18,753.3,5166.9,5317.7
2023-06-26,0,0,6,177,summer_break,0,31.0,38.5,0.0,0.27,1.37,880,510,123,6872.9,33.7,92090.4,207.4,8.42,775.2,5317.7,5132.8
2023-06-27,1,0,6,178,summer_break,0,32.3,38.0,0.0,0.18,0.77,880,510,123,6696.8,18.9,111269.9,196.3,8.35,840.8,5132.8,5156.7
2023-06-28,2,0,6,179,summer_break,0,30.3,37.3,0.0,0.09,0.57,880,510,123,6832.1,14.0,85500.8,218.9,8.28,906.4,5156.7,5449.5
2023-06-29,3,0,6,180,summer_break,0,31.6,38.4,2.9,0.27,0.87,880,510,123,7065.3,21.4,84193.9,233.3,10.13,775.2,5449.5,4912.5
2023-06-30,4,0,6,181,summer_break,0,29.6,36.5,0.0,0.14,0.11,880,510,123,6414.3,2.7,83492.3,213.7,10.44,869.9,4912.5,5556.2
2023-07-01,5,1,7,182,summer_break,0,32.3,38.6,0.0,0.25,0.49,880,510,123,7319.2,12.0,120043.3,222.5,9.28,789.8,5556.2,5119.4
2023-07-02,6,1,7,183,summer_break,0,31.5,38.0,0.0,0.03,0.22,880,510,123,6764.2,5.4,97197.4,216.4,6.52,950.1,5119.4,5094.1
2023-07-03,0,0,7,184,summer_break,0,31.9,38.5,12.4,0.25,0.5,880,510,123,6680.3,12.3,82805.0,182.9,9.76,789.8,5094.1,4813.8
2023-07-04,1,0,7,185,summer_break,0,30.0,37.2,0.0,0.16,0.19,880,510,123,6313.3,4.7,90143.0,217.7,12.22,855.4,4813.8,5275.1
2023-07-05,2,0,7,186,summer_break,0,33.3,40.2,0.0,0.09,1.37,880,510,123,6976.8,33.7,114566.6,226.0,10.19,906.4,5275.1,5080.3
2023-07-06,3,0,7,187,summer_break,0,32.5,38.3,0.0,0.15,0.28,880,510,123,6649.1,6.9,116841.9,219.0,10.66,862.7,5080.3,5011.8
2023-07-07,4,0,7,188,summer_break,0,31.6,38.9,0.0,0.06,0.26,880,510,123,6634.6,6.4,92122.4,235.1,14.34,928.3,5011.8,5173.5
2023-07-08,5,1,7,189,summer_break,0,32.2,38.1,0.0,0.21,0.15,880,510,123,6816.6,3.7,112453.9,217.0,9.11,818.9,5173.5,5036.2
2023-07-09,6,1,7,190,summer_break,0,31.0,35.5,0.0,0.2,0,880,510,123,6670.8,0.0,85908.8,172.5,11.05,826.2,5036.2,5306.1
2023-07-10,0,0,7,191,summer_break,0,32.8,38.0,0.0,0.13,0.09,880,510,123,7099.6,2.2,124484.2,190.2,8.46,877.2,5306.1,5535.9
2023-07-11,1,0,7,192,summer_break,0,33.5,41.0,10.2,0.39,0.74,880,510,123,7075.4,18.2,122448.8,229.9,8.24,687.7,5535.9,5413.9
2023-07-12,2,0,7,193,summer_break,0,33.6,41.5,0.0,0.05,0.63,880,510,123,7112.9,15.5,118613.9,224.0,9.47,935.6,5413.9,5289.8
2023-07-13,3,0,7,194,summer_break,0,31.5,37.8,0.0,0.21,0.33,880,510,123,6934.8,8.1,87797.9,187.5,9.0,818.9,5289.8,5063.3
2023-07-14,4,0,7,195,summer_break,0,31.3,37.4,0.0,0.11,0.28,880,510,123,6677.7,6.9,90439.6,209.1,10.18,891.8,5063.3,5204.5
2023-07-15,5,1,7,196,summer_break,0,33.4,39.7,0.0,0.07,0.97,880,510,123,6879.6,23.8,116798.5,218.8,9.78,921.0,5204.5,5067.7
2023-07-16,6,1,7,197,summer_break,0,31.8,39.8,0.0,0.13,0.56,880,510,123,6634.6,13.8,85232.9,234.3,9.51,877.2,5067.7,5295.7
2023-07-17,0,0,7,198,summer_break,0,33.8,40.2,0.0,0.26,0,880,510,123,6973.4,0.0,116180.4,203.5,8.94,782.5,5295.7,5247.0
2023-07-18,1,0,7,199,summer_break,0,31.9,38.4,0.0,0.3,0.42,880,510,123,6765.6,10.3,80938.9,223.6,12.51,753.3,5247.0,5575.0
2023-07-19,2,0,7,200,summer_break,0,34.0,41.5,0.0,0.15,0,880,510,123,7409.2,0.0,122059.6,199.4,11.64,862.7,5575.0,5813.0
2023-07-20,3,0,7,201,summer_break,0,35.6,41.6,0.0,0.28,0.81,880,510,123,7510.4,19.9,108071.4,205.9,13.49,767.9,5813.0,5190.5
2023-07-21,4,0,7,202,summer_break,0,32.0,39.3,0.0,0.33,1.38,880,510,123,6470.6,33.9,82791.0,221.8,13.97,731.4,5190.5,5345.8
2023-07-22,5,1,7,203,summer_break,0,31.9,39.9,3.6,0.2,0.42,880,510,123,6999.7,10.3,86463.5,229.9,10.3,826.2,5345.8,5072.2
2023-07-23,6,1,7,204,summer_break,0,30.5,37.0,0.0,0.09,0.12,880,510,123,6717.2,3.0,88523.7,200.0,10.72,906.4,5072.2,5433.4
2023-07-24,0,0,7,205,summer_break,0,33.8,41.5,0.0,0.0,0.27,880,510,123,7291.7,6.6,127538.9,233.6,8.73,972.0,5433.4,5277.7
2023-07-25,1,0,7,206,summer_break,0,32.7,39.1,0.0,0.17,0.63,880,510,123,6862.6,15.5,121198.7,210.5,11.52,848.1,5277.7,5203.7
2023-07-26,2,0,7,207,summer_break,0,33.2,37.8,0.0,0.15,0.44,880,510,123,6816.9,10.8,109831.0,218.2,10.71,862.7,5203.7,5309.2
2023-07-27,3,0,7,208,summer_break,0,32.8,40.1,0.0,0.27,0.19,880,510,123,6910.1,4.7,119954.7,222.0,9.8,775.2,5309.2,5393.7
2023-07-28,4,0,7,209,summer_break,0,32.7,38.8,12.6,0.6,0.24,880,510,123,6796.0,5.9,110937.8,206.0,8.27,534.6,5393.7,5326.3
2023-07-29,5,1,7,210,summer_break,0,32.9,39.5,0.0,0.22,0.57,880,510,123,6900.7,14.0,108600.7,218.9,12.13,811.6,5326.3,5417.9
2023-07-30,6,1,7,211,summer_break,0,34.0,41.4,0.0,0.2,0.33,880,510,123,7069.9,8.1,113888.1,227.2,11.19,826.2,5417.9,5256.5
2023-07-31,0,0,7,212,summer_break,0,33.8,40.0,0.0,0.13,0.6,880,510,123,6870.6,14.8,110783.7,209.8,11.99,877.2,5256.5,10048.9
2023-08-01,1,0,8,213,odd_sem_classes,0,33.8,40.7,0.0,0.0,0.68,7557,3298,3854,11023.9,25.9,818890.8,1811.5,85.48,972.0,10048.9,11036.9
2023-08-02,2,0,8,214,odd_sem_classes,0,33.7,42.1,0.0,0.14,0.55,7557,3298,3854,11319.6,21.0,770315.2,1827.6,86.2,869.9,11036.9,10928.6
2023-08-03,3,0,8,215,odd_sem_classes,0,30.4,36.3,0.0,0.07,0,7557,3298,3854,11162.6,0.0,639698.2,1805.6,84.88,921.0,10928.6,11087.0
2023-08-04,4,0,8,216,odd_sem_classes,0,31.9,37.3,0.0,0.11,0.64,7557,3298,3854,11327.2,24.4,566050.3,1809.3,85.81,891.8,11087.0,8503.8
2023-08-05,5,1,8,217,odd_sem_classes,0,33.5,40.7,0.0,0.16,0.12,3875,3060,410,8931.1,3.7,632753.6,919.9,59.92,855.4,8503.8,8070.3
2023-08-06,6,1,8,218,odd_sem_classes,0,34.2,41.9,0.0,0.09,0.59,3875,3060,410,8893.8,18.1,628816.6,899.0,61.61,906.4,8070.3,10683.6
2023-08-07,0,0,8,219,odd_sem_classes,0,33.5,40.2,0.0,0.17,0.45,7557,3298,3854,11246.7,17.2,827526.4,1798.5,85.89,848.1,10683.6,11428.6
2023-08-08,1,0,8,220,odd_sem_classes,0,34.2,40.9,0.0,0.12,0.35,7557,3298,3854,11807.1,13.3,825812.8,1800.6,83.96,884.5,11428.6,11090.8
2023-08-09,2,0,8,221,odd_sem_classes,0,32.5,38.7,0.0,0.23,0.37,7557,3298,3854,11036.8,14.1,825434.7,1818.7,88.71,804.3,11090.8,11064.1
2023-08-10,3,0,8,222,odd_sem_classes,0,32.8,40.2,0.0,0.08,0,7557,3298,3854,11227.9,0.0,887815.8,1805.7,86.08,913.7,11064.1,10932.6
2023-08-11,4,0,8,223,odd_sem_classes,0,32.6,38.7,0.0,0.18,0.49,7557,3298,3854,10933.6,18.7,850542.9,1803.4,85.07,840.8,10932.6,8251.0
2023-08-12,5,1,8,224,odd_sem_classes,0,31.6,39.0,0.0,0.08,0.33,3875,3060,410,8688.8,10.1,461672.1,940.1,58.55,913.7,8251.0,7987.5
2023-08-13,6,1,8,225,odd_sem_classes,0,31.5,38.2,0.0,0.11,0.57,3875,3060,410,8877.8,17.5,446520.7,911.9,61.28,891.8,7987.5,10622.1
2023-08-14,0,0,8,226,odd_sem_classes,0,33.0,39.6,0.0,0.0,0,7557,3298,3854,11298.0,0.0,778177.3,1846.3,89.3,972.0,10622.1,8247.1
2023-08-15,1,0,8,227,odd_sem_classes,1,33.7,40.6,0.0,0.14,0.26,3500,2890,205,8821.5,7.8,564940.7,833.8,57.78,869.9,8247.1,10714.9
2023-08-16,2,0,8,228,odd_sem_classes,0,32.8,39.4,0.0,0.05,0.33,7557,3298,3854,11344.2,12.6,781512.7,1812.3,89.23,935.6,10714.9,11423.2
2023-08-17,3,0,8,229,odd_sem_classes,0,35.3,40.3,0.0,0.19,0.27,7557,3298,3854,11739.3,10.3,802911.7,1809.6,86.5,833.5,11423.2,11407.6
2023-08-18,4,0,8,230,odd_sem_classes,0,34.2,41.6,0.0,0.1,0.63,7557,3298,3854,11575.7,24.0,772808.8,1833.1,83.6,899.1,11407.6,8575.9
2023-08-19,5,1,8,231,odd_sem_classes,0,33.5,39.7,0.0,0.08,0.9,3875,3060,410,8940.0,27.6,603463.0,930.5,60.85,913.7,8575.9,8003.7
2023-08-20,6,1,8,232,odd_sem_classes,0,32.8,39.2,0.0,0.04,0.07,3875,3060,410,8821.8,2.1,629929.4,931.4,62.66,942.8,8003.7,10276.7
2023-08-21,0,0,8,233,odd_sem_classes,0,31.3,37.1,0.0,0.0,0.6,7557,3298,3854,10860.8,22.9,613727.3,1811.7,84.34,972.0,10276.7,11017.2
2023-08-22,1,0,8,234,odd_sem_classes,0,33.4,39.0,0.0,0.05,0.13,7557,3298,3854,11325.5,5.0,882548.5,1814.5,87.62,935.6,11017.2,11373.3
2023-08-23,2,0,8,235,odd_sem_classes,0,33.5,39.7,7.9,0.41,0.07,7557,3298,3854,11480.0,2.7,744609.5,1819.0,86.21,673.1,11373.3,11135.6
2023-08-24,3,0,8,236,odd_sem_classes,0,33.8,40.8,0.0,0.18,0.26,7557,3298,3854,11187.2,9.9,854227.8,1797.6,86.86,840.8,11135.6,11438.2
2023-08-25,4,0,8,237,odd_sem_classes,0,34.2,40.6,0.0,0.23,0.12,7557,3298,3854,11648.3,4.6,775539.5,1825.9,86.6,804.3,11438.2,8738.5
2023-08-26,5,1,8,238,odd_sem_classes,0,33.0,39.4,4.0,0.35,0,3875,3060,410,9088.8,0.0,566029.7,918.1,62.12,716.9,8738.5,8220.4
2023-08-27,6,1,8,239,odd_sem_classes,0,34.1,41.1,0.0,0.17,0.74,3875,3060,410,8930.6,22.7,634027.6,931.7,63.47,848.1,8220.4,10936.3
2023-08-28,0,0,8,240,odd_sem_classes,0,32.3,38.6,0.0,0.14,0.18,7557,3298,3854,11655.2,6.9,770808.6,1800.6,85.43,869.9,10936.3,10934.1
2023-08-29,1,0,8,241,odd_sem_classes,0,32.2,39.2,0.0,0.18,0.63,7557,3298,3854,10936.5,24.0,859687.4,1805.5,85.82,840.8,10934.1,11067.3
2023-08-30,2,0,8,242,odd_sem_classes,0,32.7,40.5,0.0,0.14,0.58,7557,3298,3854,11185.5,22.1,756866.6,1824.7,84.4,869.9,11067.3,11354.7
2023-08-31,3,0,8,243,odd_sem_classes,0,34.8,42.1,0.0,0.12,0.72,7557,3298,3854,11534.3,27.4,878178.3,1812.9,83.58,884.5,11354.7,11568.7
2023-09-01,4,0,9,244,odd_sem_classes,0,35.3,40.7,0.0,0.21,0.84,7557,3298,3854,11730.9,32.0,849530.1,1791.0,86.54,818.9,11568.7,8654.3
2023-09-02,5,1,9,245,odd_sem_classes,0,33.5,39.7,0.0,0.01,0.42,3875,3060,410,9101.2,12.9,649016.6,930.4,59.84,964.7,8654.3,8217.0
2023-09-03,6,1,9,246,odd_sem_classes,0,33.8,40.7,0.0,0.2,0.19,3875,3060,410,8973.4,5.8,651004.9,932.3,62.29,826.2,8217.0,10887.2
2023-09-04,0,0,9,247,odd_sem_classes,0,33.9,40.1,0.0,0.24,0.38,7557,3298,3854,11431.2,14.5,903286.8,1794.7,87.72,797.0,10887.2,11408.8
2023-09-05,1,0,9,248,odd_sem_classes,0,32.9,39.8,12.1,0.42,0.81,7557,3298,3854,11442.9,30.9,847187.0,1798.5,86.61,665.8,11408.8,11225.4
2023-09-06,2,0,9,249,odd_sem_classes,0,33.8,40.6,0.0,0.06,0.2,7557,3298,3854,11391.8,7.6,848624.6,1801.4,89.23,928.3,11225.4,11186.5
2023-09-07,3,0,9,250,odd_sem_classes,0,32.2,39.7,0.0,0.11,0.72,7557,3298,3854,11299.0,27.4,754664.5,1821.7,85.66,891.8,11186.5,11093.6
2023-09-08,4,0,9,251,odd_sem_classes,0,31.8,40.1,0.0,0.05,1.19,7557,3298,3854,11245.8,45.4,609852.7,1807.8,84.15,935.6,11093.6,8594.3
2023-09-09,5,1,9,252,odd_sem_classes,0,32.2,38.4,0.0,0.19,0.21,3875,3060,410,9031.2,6.4,648613.8,914.2,59.57,833.5,8594.3,7889.6
2023-09-10,6,1,9,253,odd_sem_classes,0,32.3,37.9,0.0,0.0,0.59,3875,3060,410,8662.7,18.1,632055.0,920.3,58.0,972.0,7889.6,10481.5
2023-09-11,0,0,9,254,odd_sem_classes,0,33.1,38.9,0.0,0.1,0.31,7557,3298,3854,11065.9,11.8,774786.1,1815.1,85.22,899.1,10481.5,10988.0
2023-09-12,1,0,9,255,odd_sem_classes,0,34.0,40.5,0.0,0.0,0.45,7557,3298,3854,11287.0,17.2,781491.1,1817.3,84.42,972.0,10988.0,11212.4
2023-09-13,2,0,9,256,odd_sem_classes,0,33.8,39.7,0.0,0.3,0.74,7557,3298,3854,11243.7,28.2,797529.0,1811.0,85.43,753.3,11212.4,11232.3
2023-09-14,3,0,9,257,odd_sem_classes,0,34.3,40.7,0.0,0.15,0,7557,3298,3854,11400.2,0.0,832584.9,1812.7,87.58,862.7,11232.3,10881.5
2023-09-15,4,0,9,258,odd_sem_classes,0,31.2,37.6,0.0,0.06,0.58,7557,3298,3854,11020.7,22.1,574265.7,1799.9,85.78,928.3,10881.5,8610.6
2023-09-16,5,1,9,259,odd_sem_classes,0,33.1,39.6,0.0,0.2,0.44,3875,3060,410,9061.1,13.5,616052.6,923.7,62.13,826.2,8610.6,8047.3
2023-09-17,6,1,9,260,odd_sem_classes,0,32.9,40.2,0.0,0.01,0.66,3875,3060,410,8840.8,20.2,646184.2,932.7,59.91,964.7,8047.3,10890.0
2023-09-18,0,0,9,261,odd_sem_classes,0,33.4,38.9,0.0,0.3,1.22,7557,3298,3854,11303.9,46.5,855706.4,1824.0,87.41,753.3,10890.0,11153.0
2023-09-19,1,0,9,262,odd_sem_classes,0,33.2,39.5,0.0,0.21,0.87,7557,3298,3854,11221.0,33.2,834205.6,1806.2,85.13,818.9,11153.0,11036.2
2023-09-20,2,0,9,263,odd_sem_classes,0,31.4,37.5,0.0,0.2,0.96,7557,3298,3854,11037.2,36.6,604528.4,1838.1,87.6,826.2,11036.2,10905.5
2023-09-21,3,0,9,264,odd_sem_classes,0,32.7,39.8,0.0,0.13,1.08,7557,3298,3854,10887.9,41.2,819761.3,1796.8,84.61,877.2,10905.5,10725.1
2023-09-22,4,0,9,265,odd_sem_classes,0,31.3,37.5,0.0,0.01,0.11,7557,3298,3854,10943.7,4.2,589984.9,1808.9,85.37,964.7,10725.1,8341.2
2023-09-23,5,1,9,266,odd_sem_classes,0,32.5,39.3,0.0,0.21,0.9,3875,3060,410,8632.4,27.6,620115.1,939.6,61.72,818.9,8341.2,7821.6
2023-09-24,6,1,9,267,odd_sem_classes,0,32.7,40.2,0.0,0.0,0,3875,3060,410,8649.7,0.0,610109.8,938.3,61.61,972.0,7821.6,10599.3
2023-09-25,0,0,9,268,odd_sem_classes,0,31.7,38.2,0.0,0.2,0.49,7557,3298,3854,11278.1,18.7,542182.4,1796.2,85.73,826.2,10599.3,11088.9
2023-09-26,1,0,9,269,odd_sem_classes,0,31.5,37.2,0.0,0.11,0.49,7557,3298,3854,11388.5,18.7,624858.2,1810.5,86.95,891.8,11088.9,10797.7
2023-09-27,2,0,9,270,odd_sem_classes,0,31.2,37.6,0.0,0.14,0,7557,3298,3854,10877.1,0.0,610202.9,1833.2,87.49,869.9,10797.7,10683.2
2023-09-28,3,0,9,271,odd_sem_classes,0,32.3,38.1,0.0,0.3,0.6,7557,3298,3854,10501.2,22.9,793948.2,1836.3,87.48,753.3,10683.2,10928.9
2023-09-29,4,0,9,272,odd_sem_classes,0,31.7,37.6,0.0,0.06,0.57,7557,3298,3854,11148.5,21.7,584640.9,1839.6,85.69,928.3,10928.9,8265.0
2023-09-30,5,1,9,273,odd_sem_classes,0,31.8,39.8,0.0,0.06,0.86,3875,3060,410,8670.3,26.4,450688.1,936.5,61.38,928.3,8265.0,8447.3
2023-10-01,6,1,10,274,odd_sem_classes,0,31.7,38.5,18.8,0.74,0.27,3875,3060,410,9052.0,8.3,456527.6,941.5,63.34,432.5,8447.3,7057.0
2023-10-02,0,0,10,275,odd_sem_classes,1,29.0,35.4,0.0,0.11,0.23,3500,2890,205,7637.7,6.9,473142.4,838.6,58.24,891.8,7057.0,10373.9
2023-10-03,1,0,10,276,odd_sem_classes,0,33.0,39.5,0.0,0.31,0.51,7557,3298,3854,10911.2,19.4,775674.2,1815.0,85.6,746.0,10373.9,11152.8
2023-10-04,2,0,10,277,odd_sem_classes,0,32.5,37.9,0.0,0.19,0.78,7557,3298,3854,11314.5,29.7,812843.6,1848.3,83.29,833.5,11152.8,10910.6
2023-10-05,3,0,10,278,odd_sem_classes,0,33.2,39.7,0.0,0.16,0.43,7557,3298,3854,10915.3,16.4,770798.5,1819.4,85.44,855.4,10910.6,10998.3
2023-10-06,4,0,10,279,odd_sem_classes,0,31.5,37.5,0.0,0.13,0.54,7557,3298,3854,11192.2,20.6,628025.3,1801.7,84.08,877.2,10998.3,8208.0
2023-10-07,5,1,10,280,odd_sem_classes,0,30.4,36.2,0.0,0.16,0.21,3875,3060,410,8586.5,6.4,466378.9,913.7,62.7,855.4,8208.0,8324.6
2023-10-08,6,1,10,281,odd_sem_classes,0,32.6,39.0,0.0,0.15,0.62,3875,3060,410,9196.4,19.0,652783.2,946.0,62.49,862.7,8324.6,11294.5
2023-10-09,0,0,10,282,odd_sem_classes,0,33.1,39.4,41.0,1.0,0.95,7557,3298,3854,11367.1,36.2,865988.2,1805.7,87.97,243.0,11294.5,11037.9
2023-10-10,1,0,10,283,odd_sem_classes,0,31.0,38.7,0.0,0.26,0.48,7557,3298,3854,11056.6,18.3,631136.9,1812.8,85.6,782.5,11037.9,10858.4
2023-10-11,2,0,10,284,odd_sem_classes,0,30.1,35.2,0.0,0.1,0.15,7557,3298,3854,11015.4,5.7,627841.9,1812.8,85.09,899.1,10858.4,11391.2
2023-10-12,3,0,10,285,odd_sem_classes,0,29.8,37.8,25.2,0.61,1.11,7557,3298,3854,11290.8,42.3,638406.0,1828.1,87.96,527.3,11391.2,10996.4
2023-10-13,4,0,10,286,odd_sem_classes,0,30.7,36.0,0.0,0.21,0.26,7557,3298,3854,11091.7,9.9,591178.0,1786.3,86.38,818.9,10996.4,8443.9
2023-10-14,5,1,10,287,odd_sem_classes,0,30.8,37.3,4.4,0.34,0.42,3875,3060,410,8727.4,12.9,475265.0,946.4,61.56,724.1,8443.9,7542.8
2023-10-15,6,1,10,288,odd_sem_classes,0,29.2,35.1,0.0,0.08,0,3875,3060,410,8280.9,0.0,444589.9,912.2,60.4,913.7,7542.8,10641.2
2023-10-16,0,0,10,289,odd_sem_classes,0,30.3,36.1,48.3,1.0,0,7557,3298,3854,10852.7,0.0,573562.6,1813.7,81.71,243.0,10641.2,10788.6
2023-10-17,1,0,10,290,odd_sem_classes,0,29.7,38.1,19.5,0.72,0.18,7557,3298,3854,10541.1,6.9,649706.6,1816.7,82.07,447.1,10788.6,11128.0
2023-10-18,2,0,10,291,odd_sem_classes,0,30.2,36.5,21.7,0.72,0.57,7557,3298,3854,10978.7,21.7,571606.2,1812.8,84.23,447.1,11128.0,10648.5
2023-10-19,3,0,10,292,odd_sem_classes,0,30.0,36.4,0.0,0.11,0,7557,3298,3854,10687.6,0.0,601312.5,1830.4,86.58,891.8,10648.5,10729.9
2023-10-20,4,0,10,293,odd_sem_classes,0,31.9,37.6,0.0,0.13,0.71,7557,3298,3854,10794.4,27.1,658401.6,1823.1,85.42,877.2,10729.9,7952.2
2023-10-21,5,1,10,294,odd_sem_classes,0,27.7,34.6,0.0,0.17,0,3875,3060,410,8251.9,0.0,447171.8,953.0,60.56,848.1,7952.2,7729.7
2023-10-22,6,1,10,295,odd_sem_classes,0,29.2,35.4,2.2,0.32,0,3875,3060,410,8454.6,0.0,424946.9,933.9,61.28,738.7,7729.7,10267.6
2023-10-23,0,0,10,296,odd_sem_classes,0,29.8,35.7,0.0,0.15,0.01,7557,3298,3854,10838.3,0.4,591900.6,1835.5,86.71,862.7,10267.6,10380.6
2023-10-24,1,0,10,297,odd_sem_classes,0,29.2,35.5,0.0,0.07,0.35,7557,3298,3854,10497.4,13.3,602826.0,1813.5,86.48,921.0,10380.6,10573.0
2023-10-25,2,0,10,298,odd_sem_classes,0,27.9,33.8,18.0,0.6,0.23,7557,3298,3854,10376.2,8.8,585099.1,1816.3,87.82,534.6,10573.0,10633.6
2023-10-26,3,0,10,299,odd_sem_classes,0,31.4,38.6,0.0,0.05,0.46,7557,3298,3854,10779.7,17.5,600927.9,1827.7,85.56,935.6,10633.6,10461.8
2023-10-27,4,0,10,300,odd_sem_classes,0,28.4,35.6,0.0,0.2,0.23,7557,3298,3854,10493.8,8.8,643894.6,1773.8,86.33,826.2,10461.8,8148.8
2023-10-28,5,1,10,301,odd_sem_classes,0,29.1,34.9,0.0,0.17,0,3875,3060,410,8614.8,0.0,476382.2,930.5,59.42,848.1,8148.8,7582.2
2023-10-29,6,1,10,302,odd_sem_classes,0,28.7,34.6,0.0,0.07,0,3875,3060,410,8325.6,0.0,477622.1,960.3,60.67,921.0,7582.2,10575.4
2023-10-30,0,0,10,303,odd_sem_classes,0,28.2,35.5,22.5,0.6,0.55,7557,3298,3854,10932.0,21.0,562191.8,1835.6,85.81,534.6,10575.4,10820.2
2023-10-31,1,0,10,304,odd_sem_classes,0,29.9,35.4,12.4,0.45,0,7557,3298,3854,10795.1,0.0,663308.3,1813.2,88.61,644.0,10820.2,10975.2
2023-11-01,2,0,11,305,odd_sem_classes,0,30.1,37.4,0.0,0.08,0,7557,3298,3854,11248.3,0.0,626700.0,1817.1,87.64,913.7,10975.2,10813.5
2023-11-02,3,0,11,306,odd_sem_classes,0,30.2,37.6,0.0,0.21,0.69,7557,3298,3854,10798.7,26.3,612989.7,1826.7,86.52,818.9,10813.5,10596.8
2023-11-03,4,0,11,307,odd_sem_classes,0,27.0,33.4,10.5,0.47,0.17,7557,3298,3854,10425.3,6.5,574798.8,1818.7,86.53,629.4,10596.8,7820.2
2023-11-04,5,1,11,308,odd_sem_classes,0,27.4,34.1,0.0,0.22,0.03,3875,3060,410,8059.5,0.9,477861.6,936.4,61.2,811.6,7820.2,7498.2
2023-11-05,6,1,11,309,odd_sem_classes,0,27.6,32.7,0.0,0.33,0.22,3875,3060,410,8105.2,6.7,469875.3,930.2,62.01,731.4,7498.2,10246.1
2023-11-06,0,0,11,310,odd_sem_classes,0,26.6,33.0,25.3,0.78,0,7557,3298,3854,10449.2,0.0,614553.6,1802.3,83.16,403.4,10246.1,10467.6
2023-11-07,1,0,11,311,odd_sem_classes,0,28.6,35.2,0.0,0.16,0.24,7557,3298,3854,10590.0,9.1,628082.0,1800.7,84.31,855.4,10467.6,10332.9
2023-11-08,2,0,11,312,odd_sem_classes,0,26.9,32.9,0.0,0.11,0.19,7557,3298,3854,10367.2,7.2,642062.3,1804.3,88.03,891.8,10332.9,10450.2
2023-11-09,3,0,11,313,odd_sem_classes,0,29.7,36.5,11.6,0.38,0.12,7557,3298,3854,10396.9,4.6,589275.2,1810.8,86.01,695.0,10450.2,10734.8
2023-11-10,4,0,11,314,odd_sem_classes,0,27.6,33.6,26.1,0.88,0.14,7557,3298,3854,10418.7,5.3,597921.4,1806.0,85.35,330.5,10734.8,8387.4
2023-11-11,5,1,11,315,odd_sem_classes,0,28.8,35.1,20.5,0.71,0.23,3875,3060,410,8525.5,7.1,442308.8,911.6,58.62,454.4,8387.4,6964.8
2023-11-12,6,1,11,316,odd_sem_classes,1,28.6,32.8,0.0,0.07,0.37,3500,2890,205,7576.8,11.1,434563.2,825.1,56.12,921.0,6964.8,10584.5
2023-11-13,0,0,11,317,odd_sem_classes,0,28.0,35.1,40.2,1.0,0.94,7557,3298,3854,10760.3,35.8,563269.2,1809.0,89.84,243.0,10584.5,11330.6
2023-11-14,1,0,11,318,odd_sem_classes,0,27.4,34.9,33.4,1.0,0,7557,3298,3854,11121.5,0.0,650314.7,1819.2,88.64,243.0,11330.6,10285.3
2023-11-15,2,0,11,319,odd_sem_classes,0,27.6,33.4,0.0,0.19,0,7557,3298,3854,10124.6,0.0,584252.9,1802.9,82.64,833.5,10285.3,10645.7
2023-11-16,3,0,11,320,odd_sem_classes,0,28.9,35.6,0.0,0.03,0,7557,3298,3854,10893.8,0.0,699471.8,1826.5,84.6,950.1,10645.7,10666.0
2023-11-17,4,0,11,321,odd_sem_classes,0,26.7,34.0,23.0,0.79,0.07,7557,3298,3854,10325.9,2.7,632772.5,1808.7,87.41,396.1,10666.0,8345.4
2023-11-18,5,1,11,322,odd_sem_classes,0,28.3,36.2,9.6,0.52,0.13,3875,3060,410,8581.3,4.0,441209.3,947.0,58.15,592.9,8345.4,7530.9
2023-11-19,6,1,11,323,odd_sem_classes,0,28.0,34.3,0.0,0.11,0.16,3875,3060,410,8170.3,4.9,472805.3,950.1,63.66,891.8,7530.9,9070.2
2023-11-20,0,0,11,324,odd_sem_exam,0,27.6,32.1,0.0,0.27,0.78,6915,3230,3280,9280.5,28.7,522136.8,1662.1,80.01,775.2,9070.2,9031.0
2023-11-21,1,0,11,325,odd_sem_exam,0,26.1,32.4,19.4,0.59,0,6915,3230,3280,8707.0,0.0,612893.7,1654.9,84.93,541.9,9031.0,9188.2
2023-11-22,2,0,11,326,odd_sem_exam,0,26.5,34.1,0.0,0.18,0.29,6915,3230,3280,9265.1,10.7,522229.3,1645.5,82.62,840.8,9188.2,9737.6
2023-11-23,3,0,11,327,odd_sem_exam,0,27.9,34.6,59.4,1.0,0,6915,3230,3280,9419.5,0.0,544829.6,1672.0,79.98,243.0,9737.6,9580.1
2023-11-24,4,0,11,328,odd_sem_exam,0,26.3,33.4,21.7,0.74,0.38,6915,3230,3280,9269.3,14.0,576798.2,1620.3,82.36,432.5,9580.1,7430.1
2023-11-25,5,1,11,329,odd_sem_exam,0,25.5,31.2,33.5,0.79,0.16,3875,3060,410,7314.5,4.9,432422.4,933.1,61.1,396.1,7430.1,7496.1
2023-11-26,6,1,11,330,odd_sem_exam,0,26.7,32.7,26.9,0.81,0.22,3875,3060,410,7871.1,6.7,457698.6,911.2,61.13,381.5,7496.1,9030.5
2023-11-27,0,0,11,331,odd_sem_exam,0,25.8,31.4,0.0,0.07,0.78,6915,3230,3280,9296.8,28.7,616506.1,1686.7,81.43,921.0,9030.5,8986.4
2023-11-28,1,0,11,332,odd_sem_exam,0,26.4,33.1,0.0,0.21,0,6915,3230,3280,8931.6,0.0,582946.4,1671.7,81.09,818.9,8986.4,9246.3
2023-11-29,2,0,11,333,odd_sem_exam,0,26.3,31.4,11.0,0.36,0.32,6915,3230,3280,9178.1,11.8,626647.5,1651.5,80.46,709.6,9246.3,9800.1
2023-11-30,3,0,11,334,odd_sem_exam,0,26.5,33.1,44.1,1.0,0,6915,3230,3280,9503.3,0.0,542283.6,1661.1,82.63,243.0,9800.1,9447.1
2023-12-01,4,0,12,335,odd_sem_exam,0,26.5,33.6,0.0,0.34,0,6915,3230,3280,9354.1,0.0,564770.1,1661.9,80.99,724.1,9447.1,7432.3
2023-12-02,5,1,12,336,odd_sem_exam,0,26.0,32.5,0.5,0.09,0.39,3875,3060,410,7871.2,12.0,455343.9,902.9,59.65,906.4,7432.3,7158.1
2023-12-03,6,1,12,337,odd_sem_exam,0,26.0,31.7,0.0,0.23,0,3875,3060,410,7766.7,0.0,443229.7,958.5,62.14,804.3,7158.1,8740.6
2023-12-04,0,0,12,338,odd_sem_exam,0,25.1,30.7,0.0,0.2,0,6915,3230,3280,9012.5,0.0,575065.6,1660.0,80.13,826.2,8740.6,9581.4
2023-12-05,1,0,12,339,odd_sem_exam,0,28.3,34.5,0.0,0.22,0.3,6915,3230,3280,9792.2,11.0,582923.1,1680.7,81.01,811.6,9581.4,9102.8
2023-12-06,2,0,12,340,odd_sem_exam,0,25.7,31.6,0.0,0.18,0.02,6915,3230,3280,9011.7,0.7,604266.0,1654.0,82.12,840.8,9102.8,8792.7
2023-12-07,3,0,12,341,odd_sem_exam,0,23.0,29.9,0.0,0.06,0,6915,3230,3280,8734.9,0.0,599877.0,1671.5,82.65,928.3,8792.7,8976.8
2023-12-08,4,0,12,342,odd_sem_exam,0,25.2,29.8,0.0,0.11,0.03,6915,3230,3280,9046.8,1.1,620540.4,1651.0,82.33,891.8,8976.8,7177.5
2023-12-09,5,1,12,343,odd_sem_exam,0,24.0,31.1,0.0,0.23,0.14,3875,3060,410,7478.9,4.3,485781.6,928.5,60.2,804.3,7177.5,6904.9
2023-12-10,6,1,12,344,odd_sem_exam,0,25.6,31.7,0.0,0.14,0,3875,3060,410,7560.0,0.0,458165.9,935.2,59.44,869.9,6904.9,9937.0
2023-12-11,0,0,12,345,even_sem_classes,0,24.5,31.9,0.0,0.31,0.43,7557,3298,3854,10403.5,16.4,676995.6,1787.4,86.77,746.0,9937.0,10134.8
2023-12-12,1,0,12,346,even_sem_classes,0,24.5,31.9,0.0,0.18,0.27,7557,3298,3854,10170.3,10.3,569667.3,1815.5,82.78,840.8,10134.8,10330.5
2023-12-13,2,0,12,347,even_sem_classes,0,25.2,30.8,0.0,0.11,0.41,7557,3298,3854,10392.4,15.6,660016.8,1816.3,85.54,891.8,10330.5,10372.0
2023-12-14,3,0,12,348,even_sem_classes,0,25.2,33.1,0.0,0.15,0.41,7557,3298,3854,10408.7,15.6,591186.8,1809.5,88.55,862.7,10372.0,10001.8
2023-12-15,4,0,12,349,even_sem_classes,0,22.8,29.3,0.0,0.24,0.14,7557,3298,3854,9821.5,5.3,604125.7,1827.4,84.34,797.0,10001.8,7367.6
2023-12-16,5,1,12,350,even_sem_classes,0,23.9,30.8,0.0,0.15,0,3875,3060,410,7580.8,0.0,483210.5,940.2,62.27,862.7,7367.6,7175.1
2023-12-17,6,1,12,351,even_sem_classes,0,26.3,32.5,0.0,0.12,0,3875,3060,410,7924.5,0.0,463472.9,934.8,58.08,884.5,7175.1,9809.1
2023-12-18,0,0,12,352,even_sem_classes,0,26.6,33.2,0.0,0.14,0.06,7557,3298,3854,10306.7,2.3,670422.8,1800.3,89.47,869.9,9809.1,9716.3
2023-12-19,1,0,12,353,even_sem_classes,0,23.3,29.2,0.0,0.11,0.27,7557,3298,3854,9612.1,10.3,624437.7,1820.5,84.44,891.8,9716.3,5126.4
2023-12-20,2,0,12,354,winter_break,0,25.0,32.1,0.0,0.2,0,1010,680,82,5709.1,0.0,103227.4,240.2,14.1,826.2,5126.4,4676.3
2023-12-21,3,0,12,355,winter_break,0,26.9,34.3,0.0,0.2,0,1010,680,82,6053.5,0.0,98021.0,239.8,14.23,826.2,4676.3,4257.9
2023-12-22,4,0,12,356,winter_break,0,24.0,28.8,0.0,0.19,0,1010,680,82,5568.2,0.0,102225.8,238.5,11.26,833.5,4257.9,4327.8
2023-12-23,5,1,12,357,winter_break,0,24.6,31.1,0.0,0.13,0.13,1010,680,82,5757.8,3.2,102338.8,251.3,15.66,877.2,4327.8,4094.6
2023-12-24,6,1,12,358,winter_break,0,23.9,31.4,0.0,0.27,0,1010,680,82,5320.7,0.0,108722.7,258.9,10.83,775.2,4094.6,4313.3
2023-12-25,0,0,12,359,winter_break,1,23.8,30.6,0.0,0.14,0.62,1010,680,82,5756.7,15.4,105746.5,236.6,12.19,869.9,4313.3,4302.4
2023-12-26,1,0,12,360,winter_break,0,24.4,31.3,0.0,0.09,0.57,1010,680,82,5719.8,14.2,112908.4,234.4,16.23,906.4,4302.4,4483.4
2023-12-27,2,0,12,361,winter_break,0,21.2,28.0,0.0,0.19,0.04,1010,680,82,5944.5,1.0,105088.8,252.3,12.32,833.5,4483.4,4221.6
2023-12-28,3,0,12,362,winter_break,0,23.2,30.0,0.0,0.19,0.23,1010,680,82,5505.0,5.7,113036.0,256.2,12.49,833.5,4221.6,4349.7
2023-12-29,4,0,12,363,winter_break,0,22.6,30.2,0.0,0.01,0.11,1010,680,82,5883.9,2.7,116150.1,254.4,13.45,964.7,4349.7,4421.9
2023-12-30,5,1,12,364,winter_break,0,23.2,29.3,0.0,0.0,0.11,1010,680,82,6003.9,2.7,113168.5,232.2,12.28,972.0,4421.9,4497.4
2023-12-31,6,1,12,365,winter_break,0,24.2,30.5,5.9,0.39,0.34,1010,680,82,5791.5,8.4,110980.9,233.9,12.48,687.7,4497.4,4542.9
2024-01-01,0,0,1,1,winter_break,1,21.7,28.2,0.0,0.3,0.28,1010,680,82,5902.2,7.0,106405.6,237.6,13.98,753.3,4542.9,4711.0
2024-01-02,1,0,1,2,winter_break,0,22.2,28.3,0.0,0.31,0,1010,680,82,6137.4,0.0,114208.0,242.0,14.56,746.0,4711.0,4549.2
2024-01-03,2,0,1,3,winter_break,0,22.3,29.5,0.0,0.38,0,1010,680,82,5835.8,0.0,108793.5,234.5,13.21,695.0,4549.2,9345.7
2024-01-04,3,0,1,4,even_sem_classes,0,21.4,28.3,0.0,0.23,0.68,7557,3298,3854,10040.4,25.9,613452.0,1832.2,90.42,804.3,9345.7,9717.0
2024-01-05,4,0,1,5,even_sem_classes,0,23.9,29.7,1.3,0.14,0,7557,3298,3854,9733.5,0.0,641283.7,1805.1,85.92,869.9,9717.0,7303.1
2024-01-06,5,1,1,6,even_sem_classes,0,22.2,27.6,0.0,0.07,0,3875,3060,410,7590.8,0.0,492170.0,948.4,62.75,921.0,7303.1,7047.3
2024-01-07,6,1,1,7,even_sem_classes,0,24.0,31.3,0.0,0.19,0.17,3875,3060,410,7674.9,5.2,475567.8,928.5,62.42,833.5,7047.3,9703.0
2024-01-08,0,0,1,8,even_sem_classes,0,23.1,30.8,0.0,0.26,0.17,7557,3298,3854,10070.1,6.5,683826.1,1813.1,85.88,782.5,9703.0,10059.5
2024-01-09,1,0,1,9,even_sem_classes,0,21.4,26.4,0.0,0.12,0,7557,3298,3854,10158.1,0.0,634574.4,1812.5,85.1,884.5,10059.5,10082.4
2024-01-10,2,0,1,10,even_sem_classes,0,22.5,29.5,0.0,0.12,0.4,7557,3298,3854,10046.1,15.2,626014.1,1825.7,86.09,884.5,10082.4,10361.8
2024-01-11,3,0,1,11,even_sem_classes,0,22.7,28.6,0.0,0.29,0.36,7557,3298,3854,10348.0,13.7,631922.4,1808.9,85.0,760.6,10361.8,10039.4
2024-01-12,4,0,1,12,even_sem_classes,0,21.6,28.8,0.0,0.18,0,7557,3298,3854,9991.2,0.0,596902.5,1782.5,88.03,840.8,10039.4,7421.6
2024-01-13,5,1,1,13,even_sem_classes,0,22.2,29.5,0.0,0.19,0,3875,3060,410,7659.6,0.0,450171.6,928.3,60.11,833.5,7421.6,6591.0
2024-01-14,6,1,1,14,even_sem_classes,1,22.9,29.2,0.0,0.0,0,3500,2890,205,7332.8,0.0,417755.8,829.7,57.11,972.0,6591.0,6686.1
2024-01-15,0,0,1,15,even_sem_classes,1,23.9,30.6,0.0,0.2,0.05,3500,2890,205,7487.8,1.5,424952.3,836.1,56.38,826.2,6686.1,9268.7
2024-01-16,1,0,1,16,even_sem_classes,0,22.1,29.3,0.0,0.08,0,7557,3298,3854,9684.1,0.0,596461.8,1835.8,85.48,913.7,9268.7,9941.2
2024-01-17,2,0,1,17,even_sem_classes,0,21.4,28.7,0.0,0.27,0.33,7557,3298,3854,9937.5,12.6,643151.8,1807.1,84.46,775.2,9941.2,10233.7
2024-01-18,3,0,1,18,even_sem_classes,0,22.8,28.5,0.0,0.29,0.22,7557,3298,3854,10171.8,8.4,664664.6,1831.8,83.36,760.6,10233.7,10060.1
2024-01-19,4,0,1,19,even_sem_classes,0,23.2,30.1,0.0,0.18,0.06,7557,3298,3854,9989.6,2.3,658329.7,1804.7,86.41,840.8,10060.1,7556.5
2024-01-20,5,1,1,20,even_sem_classes,0,20.1,26.9,0.0,0.22,0,3875,3060,410,7817.9,0.0,479321.0,926.0,60.03,811.6,7556.5,7056.9
2024-01-21,6,1,1,21,even_sem_classes,0,20.8,27.8,8.4,0.43,0,3875,3060,410,7500.8,0.0,445304.9,929.5,58.86,658.5,7056.9,9568.3
2024-01-22,0,0,1,22,even_sem_classes,0,19.5,25.9,0.0,0.18,0,7557,3298,3854,10015.3,0.0,589429.0,1802.1,84.48,840.8,9568.3,10193.7
2024-01-23,1,0,1,23,even_sem_classes,0,20.4,27.9,0.0,0.26,0,7557,3298,3854,10283.4,0.0,639746.4,1810.9,83.47,782.5,10193.7,9786.3
2024-01-24,2,0,1,24,even_sem_classes,0,21.6,28.6,0.0,0.17,0,7557,3298,3854,9591.5,0.0,647886.4,1826.5,87.11,848.1,9786.3,9919.6
2024-01-25,3,0,1,25,even_sem_classes,0,24.2,30.0,0.0,0.22,0.05,7557,3298,3854,9861.9,1.9,554473.3,1831.2,86.83,811.6,9919.6,7034.2
2024-01-26,4,0,1,26,even_sem_classes,1,20.5,27.1,0.0,0.04,0.24,3500,2890,205,7361.2,7.2,403567.1,840.1,59.49,942.8,7034.2,6836.9
2024-01-27,5,1,1,27,even_sem_classes,0,22.5,29.5,0.0,0.05,0.24,3875,3060,410,7563.0,7.4,428105.5,918.5,61.63,935.6,6836.9,7123.8
2024-01-28,6,1,1,28,even_sem_classes,0,22.5,27.7,0.0,0.03,0,3875,3060,410,8035.0,0.0,494721.8,917.2,60.03,950.1,7123.8,9679.6
2024-01-29,0,0,1,29,even_sem_classes,0,24.5,31.9,0.0,0.13,0,7557,3298,3854,10186.1,0.0,614578.9,1801.0,84.89,877.2,9679.6,10065.6
2024-01-30,1,0,1,30,even_sem_classes,0,19.6,25.6,0.0,0.0,0.21,7557,3298,3854,10229.0,8.0,607698.7,1827.0,83.8,972.0,10065.6,9778.4
2024-01-31,2,0,1,31,even_sem_classes,0,18.9,24.2,0.0,0.0,0,7557,3298,3854,9753.4,0.0,636276.4,1823.0,83.85,972.0,9778.4,9781.8
2024-02-01,3,0,2,32,even_sem_classes,0,21.8,27.9,0.0,0.06,0.21,7557,3298,3854,9784.1,8.0,646907.1,1791.4,85.45,928.3,9781.8,9917.9
2024-02-02,4,0,2,33,even_sem_classes,0,21.6,28.8,0.0,0.27,0.08,7557,3298,3854,9805.4,3.0,609510.6,1824.8,87.01,775.2,9917.9,7626.6
2024-02-03,5,1,2,34,even_sem_classes,0,20.2,26.3,5.9,0.32,0,3875,3060,410,7872.1,0.0,433099.4,946.3,58.75,738.7,7626.6,6819.3
2024-02-04,6,1,2,35,even_sem_classes,0,20.8,27.1,0.0,0.17,0,3875,3060,410,7371.1,0.0,415731.4,901.4,63.04,848.1,6819.3,9342.1
2024-02-05,0,0,2,36,even_sem_classes,0,22.5,28.9,0.0,0.23,0.1,7557,3298,3854,9657.2,3.8,578025.7,1833.0,83.73,804.3,9342.1,9653.0
2024-02-06,1,0,2,37,even_sem_classes,0,23.0,28.8,0.0,0.15,0,7557,3298,3854,9632.6,0.0,582662.8,1825.9,85.51,862.7,9653.0,9856.9
2024-02-07,2,0,2,38,even_sem_classes,0,22.3,29.9,0.0,0.21,0.4,7557,3298,3854,9768.9,15.2,637510.1,1806.3,85.51,818.9,9856.9,10053.5
2024-02-08,3,0,2,39,even_sem_classes,0,20.8,27.0,0.0,0.14,0,7557,3298,3854,10046.2,0.0,637152.2,1846.7,86.88,869.9,10053.5,9953.5
2024-02-09,4,0,2,40,even_sem_classes,0,20.3,26.0,0.0,0.07,0,7557,3298,3854,9976.6,0.0,588558.6,1815.5,86.73,921.0,9953.5,7375.9
2024-02-10,5,1,2,41,even_sem_classes,0,22.7,29.6,0.0,0.11,0.05,3875,3060,410,7655.8,1.5,476682.1,923.0,61.84,891.8,7375.9,7096.2
2024-02-11,6,1,2,42,even_sem_classes,0,21.9,29.7,0.0,0.34,0.07,3875,3060,410,7657.4,2.1,460612.5,922.1,59.18,724.1,7096.2,9485.6
2024-02-12,0,0,2,43,even_sem_classes,0,22.8,28.6,0.0,0.3,0,7557,3298,3854,9724.7,0.0,676563.2,1827.6,85.28,753.3,9485.6,9981.7
2024-02-13,1,0,2,44,even_sem_classes,0,20.6,27.0,0.0,0.19,0,7557,3298,3854,10013.6,0.0,583268.5,1844.5,86.66,833.5,9981.7,10086.8
2024-02-14,2,0,2,45,even_sem_classes,0,22.0,29.4,0.0,0.27,0.73,7557,3298,3854,9909.8,27.8,613953.6,1834.2,86.68,775.2,10086.8,9903.3
2024-02-15,3,0,2,46,even_sem_classes,0,21.8,26.7,0.0,0.25,0.31,7557,3298,3854,9759.7,11.8,534446.7,1817.1,83.65,789.8,9903.3,9959.8
2024-02-16,4,0,2,47,even_sem_classes,0,23.2,29.2,0.0,0.06,0.15,7557,3298,3854,9998.4,5.7,620201.9,1818.9,83.94,928.3,9959.8,7304.3
2024-02-17,5,1,2,48,even_sem_classes,0,20.8,27.1,0.0,0.04,0.35,3875,3060,410,7591.3,10.7,462712.9,921.4,58.96,942.8,7304.3,7256.4
2024-02-18,6,1,2,49,even_sem_classes,0,20.6,26.2,0.0,0.02,0,3875,3060,410,8081.5,0.0,484265.3,950.7,62.23,957.4,7256.4,9411.0
2024-02-19,0,0,2,50,even_sem_classes,0,21.4,28.2,0.0,0.06,0.19,7557,3298,3854,9803.1,7.2,585328.8,1805.7,85.62,928.3,9411.0,9734.4
2024-02-20,1,0,2,51,even_sem_classes,0,20.0,27.4,0.0,0.2,0.04,7557,3298,3854,9720.7,1.5,553697.2,1820.4,83.46,826.2,9734.4,10068.8
2024-02-21,2,0,2,52,even_sem_classes,0,19.7,27.6,0.0,0.1,0.03,7557,3298,3854,10232.0,1.1,616144.0,1778.3,84.95,899.1,10068.8,9858.0
2024-02-22,3,0,2,53,even_sem_classes,0,21.0,28.7,0.0,0.09,0.34,7557,3298,3854,9775.3,13.0,585583.3,1819.3,86.68,906.4,9858.0,10181.3
2024-02-23,4,0,2,54,even_sem_classes,0,22.0,28.0,0.0,0.21,0,7557,3298,3854,10239.5,0.0,557476.3,1830.4,85.73,818.9,10181.3,7380.3
2024-02-24,5,1,2,55,even_sem_classes,0,20.7,27.0,0.0,0.28,0.36,3875,3060,410,7431.8,11.0,462636.1,945.2,62.18,767.9,7380.3,6867.5
2024-02-25,6,1,2,56,even_sem_classes,0,22.9,30.0,0.0,0.1,0.38,3875,3060,410,7488.4,11.6,447831.1,913.3,59.62,899.1,6867.5,9576.4
2024-02-26,0,0,2,57,even_sem_classes,0,21.0,28.0,0.0,0.23,0.09,7557,3298,3854,10000.0,3.4,664475.6,1787.2,86.91,804.3,9576.4,9823.2
2024-02-27,1,0,2,58,even_sem_classes,0,22.9,30.3,0.0,0.06,0.15,7557,3298,3854,9840.5,5.7,651433.4,1822.9,87.62,928.3,9823.2,9942.7
2024-02-28,2,0,2,59,even_sem_classes,0,22.9,28.1,0.0,0.07,0.02,7557,3298,3854,10002.0,0.8,606803.8,1816.3,85.92,921.0,9942.7,10022.6
2024-02-29,3,0,2,60,even_sem_classes,0,21.5,27.9,0.0,0.04,0.3,7557,3298,3854,10167.5,11.4,593214.5,1760.9,84.31,942.8,10022.6,9994.2
2024-03-01,4,0,3,61,even_sem_classes,0,19.9,26.6,0.0,0.18,0.59,7557,3298,3854,9916.5,22.5,589481.2,1796.2,86.18,840.8,9994.2,7341.0
2024-03-02,5,1,3,62,even_sem_classes,0,20.8,27.8,0.0,0.25,0,3875,3060,410,7528.4,0.0,451859.0,913.8,60.46,789.8,7341.0,6926.6
2024-03-03,6,1,3,63,even_sem_classes,0,23.0,31.2,0.0,0.31,0,3875,3060,410,7422.0,0.0,463223.3,933.4,62.3,746.0,6926.6,9485.3
2024-03-04,0,0,3,64,even_sem_classes,0,22.8,29.6,0.0,0.21,0.71,7557,3298,3854,9776.3,27.1,641339.0,1809.2,85.92,818.9,9485.3,9853.3
2024-03-05,1,0,3,65,even_sem_classes,0,22.9,29.3,0.0,0.0,0.0,7557,3298,3854,10023.2,0.0,594138.5,1804.8,85.53,972.0,9853.3,9731.4
2024-03-06,2,0,3,66,even_sem_classes,0,21.3,27.2,0.0,0.21,0,7557,3298,3854,9593.7,0.0,661841.4,1799.8,85.64,818.9,9731.4,9960.0
2024-03-07,3,0,3,67,even_sem_classes,0,22.8,28.6,0.0,0.06,0,7557,3298,3854,10020.8,0.0,629011.8,1832.7,86.79,928.3,9960.0,9993.9
2024-03-08,4,0,3,68,even_sem_classes,0,22.2,29.2,0.0,0.14,0,7557,3298,3854,9985.2,0.0,670538.4,1810.5,84.1,869.9,9993.9,7596.0
2024-03-09,5,1,3,69,even_sem_classes,0,21.3,27.9,0.0,0.16,0.02,3875,3060,410,7905.0,0.6,469032.2,941.2,62.39,855.4,7596.0,7233.0
2024-03-10,6,1,3,70,even_sem_classes,0,23.5,30.2,0.0,0.15,0.27,3875,3060,410,7915.7,8.3,452888.5,927.3,60.49,862.7,7233.0,9940.2
2024-03-11,0,0,3,71,even_sem_classes,0,21.8,27.2,0.0,0.24,0.25,7557,3298,3854,10377.4,9.5,612031.5,1827.2,88.27,797.0,9940.2,10011.3
2024-03-12,1,0,3,72,even_sem_classes,0,20.6,26.3,0.0,0.21,0.48,7557,3298,3854,9903.5,18.3,663970.7,1804.6,87.16,818.9,10011.3,10107.5
2024-03-13,2,0,3,73,even_sem_classes,0,21.6,27.8,0.0,0.2,0.21,7557,3298,3854,10101.4,8.0,586710.7,1806.2,86.2,826.2,10107.5,9997.8
2024-03-14,3,0,3,74,even_sem_classes,0,23.3,30.3,0.0,0.32,0.21,7557,3298,3854,9825.7,8.0,614513.5,1805.8,85.87,738.7,9997.8,9842.4
2024-03-15,4,0,3,75,even_sem_classes,0,20.7,26.3,0.0,0.17,0,7557,3298,3854,9726.1,0.0,610752.3,1831.4,86.28,848.1,9842.4,7300.2
2024-03-16,5,1,3,76,even_sem_classes,0,22.7,30.6,0.0,0.05,0.35,3875,3060,410,7608.2,10.7,422004.7,927.8,59.96,935.6,7300.2,7121.7
2024-03-17,6,1,3,77,even_sem_classes,0,23.3,30.5,0.0,0.2,0,3875,3060,410,7789.6,0.0,444455.6,938.8,62.79,826.2,7121.7,9552.3
2024-03-18,0,0,3,78,even_sem_classes,0,22.9,28.3,0.0,0.3,0.1,7557,3298,3854,9862.7,3.8,590069.1,1808.0,86.45,753.3,9552.3,9844.9
2024-03-19,1,0,3,79,even_sem_classes,0,22.1,28.1,0.0,0.07,0.21,7557,3298,3854,9882.6,8.0,660683.4,1814.2,84.24,921.0,9844.9,9848.7
2024-03-20,2,0,3,80,even_sem_classes,0,22.9,28.5,0.0,0.08,0.0,7557,3298,3854,9865.3,0.0,641311.1,1806.9,83.43,913.7,9848.7,9935.1
2024-03-21,3,0,3,81,even_sem_classes,0,23.7,29.3,0.0,0.0,0.23,7557,3298,3854,10016.2,8.8,632997.6,1802.6,86.58,972.0,9935.1,10181.4
2024-03-22,4,0,3,82,even_sem_classes,0,21.1,27.3,0.0,0.29,0.74,7557,3298,3854,10031.8,28.2,615281.6,1834.6,88.49,760.6,10181.4,7091.5
2024-03-23,5,1,3,83,even_sem_classes,0,22.5,29.1,0.0,0.17,0.12,3875,3060,410,7153.9,3.7,505170.6,916.3,59.41,848.1,7091.5,6859.8
2024-03-24,6,1,3,84,even_sem_classes,0,22.5,28.0,0.0,0.21,0,3875,3060,410,7491.4,0.0,466763.1,915.0,58.34,818.9,6859.8,9482.4
2024-03-25,0,0,3,85,even_sem_classes,0,22.9,29.6,0.0,0.08,0.06,7557,3298,3854,9964.6,2.3,622123.1,1813.7,85.82,913.7,9482.4,9825.8
2024-03-26,1,0,3,86,even_sem_classes,0,25.1,33.8,0.0,0.09,0.32,7557,3298,3854,9867.4,12.2,595719.4,1813.2,85.22,906.4,9825.8,10085.1
2024-03-27,2,0,3,87,even_sem_classes,0,23.8,30.7,0.0,0.23,0,7557,3298,3854,10108.0,0.0,609180.1,1805.9,85.17,804.3,10085.1,10159.3
2024-03-28,3,0,3,88,even_sem_classes,0,24.5,30.5,0.0,0.11,0.16,7557,3298,3854,10173.2,6.1,626109.6,1839.2,84.9,891.8,10159.3,10242.7
2024-03-29,4,0,3,89,even_sem_classes,0,25.4,31.5,0.0,0.01,0,7557,3298,3854,10415.4,0.0,606460.4,1816.8,83.28,964.7,10242.7,7463.1
2024-03-30,5,1,3,90,even_sem_classes,0,24.5,30.8,0.0,0.13,0.04,3875,3060,410,7762.1,1.2,466727.3,897.9,57.02,877.2,7463.1,7351.9
2024-03-31,6,1,3,91,even_sem_classes,0,23.0,29.0,0.0,0.27,0,3875,3060,410,8043.2,0.0,463633.8,930.1,61.26,775.2,7351.9,9456.6
2024-04-01,0,0,4,92,even_sem_classes,0,22.5,27.7,0.0,0.25,0.21,7557,3298,3854,9653.3,8.0,666697.4,1809.3,89.4,789.8,9456.6,10049.9
2024-04-02,1,0,4,93,even_sem_classes,0,22.5,27.4,0.0,0.2,0.81,7557,3298,3854,10040.1,30.9,599830.5,1817.0,86.87,826.2,10049.9,9922.9
2024-04-03,2,0,4,94,even_sem_classes,0,23.1,29.3,0.0,0.28,0.13,7557,3298,3854,9778.7,5.0,578548.8,1815.4,83.92,767.9,9922.9,10192.3
2024-04-04,3,0,4,95,even_sem_classes,0,24.9,31.6,0.0,0.0,0.39,7557,3298,3854,10419.9,14.9,577480.4,1770.5,86.04,972.0,10192.3,10076.9
2024-04-05,4,0,4,96,even_sem_classes,0,24.5,30.7,0.0,0.12,0.3,7557,3298,3854,10084.7,11.4,581432.2,1796.5,85.34,884.5,10076.9,7272.8
2024-04-06,5,1,4,97,even_sem_classes,0,22.5,29.8,0.0,0.3,0.28,3875,3060,410,7302.5,8.6,469723.0,940.3,60.68,753.3,7272.8,7025.3
2024-04-07,6,1,4,98,even_sem_classes,0,23.1,29.2,0.0,0.14,0.73,3875,3060,410,7648.4,22.4,486914.1,919.1,59.67,869.9,7025.3,9515.2
2024-04-08,0,0,4,99,even_sem_classes,0,23.3,29.8,0.0,0.01,0.77,7557,3298,3854,9910.1,29.3,633861.2,1827.0,87.23,964.7,9515.2,9919.9
2024-04-09,1,0,4,100,even_sem_classes,0,24.2,31.0,0.0,0.16,0.67,7557,3298,3854,9874.2,25.5,626581.3,1821.9,85.57,855.4,9919.9,9869.5
2024-04-10,2,0,4,101,even_sem_classes,0,24.4,30.5,0.0,0.34,0.33,7557,3298,3854,9644.4,12.6,609599.3,1816.5,84.55,724.1,9869.5,10002.8
2024-04-11,3,0,4,102,even_sem_classes,0,23.0,29.1,0.0,0.14,0.25,7557,3298,3854,10033.4,9.5,582631.6,1802.4,84.59,869.9,10002.8,10115.0
2024-04-12,4,0,4,103,even_sem_classes,0,23.8,31.0,0.0,0.22,0.25,7557,3298,3854,10046.7,9.5,616777.8,1839.6,82.93,811.6,10115.0,7429.1
2024-04-13,5,1,4,104,even_sem_classes,0,24.9,32.4,0.0,0.23,0.81,3875,3060,410,7557.0,24.8,488198.2,905.6,60.79,804.3,7429.1,7273.8
2024-04-14,6,1,4,105,even_sem_classes,0,25.4,31.4,0.0,0.11,0.23,3875,3060,410,8029.1,7.1,497341.2,918.9,62.41,891.8,7273.8,9576.9
2024-04-15,0,0,4,106,even_sem_classes,0,22.7,28.5,0.0,0.19,0.53,7557,3298,3854,9861.2,20.2,638129.3,1811.3,87.93,833.5,9576.9,10124.1
2024-04-16,1,0,4,107,even_sem_classes,0,24.6,31.9,0.0,0.06,0.65,7557,3298,3854,10244.9,24.8,608004.5,1815.0,86.08,928.3,10124.1,10125.7
2024-04-17,2,0,4,108,even_sem_classes,0,24.6,29.9,0.0,0.14,0.23,7557,3298,3854,10073.9,8.8,627259.9,1842.0,86.99,869.9,10125.7,10045.6
2024-04-18,3,0,4,109,even_sem_classes,0,24.7,31.1,0.0,0.15,0.23,7557,3298,3854,10027.2,8.8,632639.4,1796.1,83.21,862.7,10045.6,10035.4
2024-04-19,4,0,4,110,even_sem_classes,0,24.7,31.8,0.0,0.11,0.24,7557,3298,3854,10065.2,9.1,608548.6,1798.3,83.24,891.8,10035.4,6800.9
2024-04-20,5,1,4,111,even_sem_exam,0,24.5,31.8,0.0,0.07,0.29,3875,3060,410,6818.2,8.9,481662.1,927.0,59.71,921.0,6800.9,6528.9
2024-04-21,6,1,4,112,even_sem_exam,0,23.9,29.8,0.0,0.04,0.21,3875,3060,410,7171.3,6.4,445723.5,919.3,62.13,942.8,6528.9,9075.0
2024-04-22,0,0,4,113,even_sem_exam,0,25.7,31.4,0.0,0.14,0.6,6915,3230,3280,9585.0,22.1,585256.2,1667.5,79.93,869.9,9075.0,9313.0
2024-04-23,1,0,4,114,even_sem_exam,0,25.2,31.8,0.0,0.26,0.24,6915,3230,3280,9341.1,8.8,587005.5,1656.7,82.1,782.5,9313.0,9349.2
2024-04-24,2,0,4,115,even_sem_exam,0,26.5,33.1,0.0,0.06,0.24,6915,3230,3280,9483.0,8.8,626128.9,1648.3,81.98,928.3,9349.2,9226.9
2024-04-25,3,0,4,116,even_sem_exam,0,25.5,32.8,0.0,0.17,0,6915,3230,3280,9269.9,0.0,543647.4,1654.3,83.46,848.1,9226.9,9106.6
2024-04-26,4,0,4,117,even_sem_exam,0,26.1,31.8,0.0,0.18,0.58,6915,3230,3280,9039.6,21.4,554468.6,1656.7,83.12,840.8,9106.6,7284.2
2024-04-27,5,1,4,118,even_sem_exam,0,25.9,32.5,0.0,0.09,0.31,3875,3060,410,7707.5,9.5,471914.2,924.8,58.24,906.4,7284.2,7063.1
2024-04-28,6,1,4,119,even_sem_exam,0,25.9,32.9,0.0,0.1,0.57,3875,3060,410,7804.8,17.5,383721.9,904.1,61.2,899.1,7063.1,9044.7
2024-04-29,0,0,4,120,even_sem_exam,0,24.9,32.8,0.0,0.31,0.53,6915,3230,3280,9288.0,19.5,599526.2,1669.8,83.74,746.0,9044.7,9268.1
2024-04-30,1,0,4,121,even_sem_exam,0,26.9,32.0,0.0,0.16,0.12,6915,3230,3280,9386.2,4.4,553852.0,1659.3,80.66,855.4,9268.1,6828.8
2024-05-01,2,0,5,122,even_sem_exam,1,24.3,31.2,0.0,0.26,0.31,3500,2890,205,7054.0,9.3,413101.1,830.6,58.03,782.5,6828.8,9290.1
2024-05-02,3,0,5,123,even_sem_exam,0,28.8,35.8,0.0,0.15,0.78,6915,3230,3280,9775.7,28.7,643246.7,1666.5,80.26,862.7,9290.1,9628.8
2024-05-03,4,0,5,124,even_sem_exam,0,27.6,34.8,0.0,0.19,0.56,6915,3230,3280,9739.6,20.6,620484.5,1664.0,81.07,833.5,9628.8,7386.8
2024-05-04,5,1,5,125,even_sem_exam,0,26.7,32.3,0.0,0.12,0.44,3875,3060,410,7736.8,13.5,469416.6,904.5,58.25,884.5,7386.8,7149.4
2024-05-05,6,1,5,126,even_sem_exam,0,28.1,34.6,0.0,0.05,0,3875,3060,410,7916.4,0.0,449425.1,934.6,64.82,935.6,7149.4,8947.8
2024-05-06,0,0,5,127,even_sem_exam,0,27.1,32.3,0.0,0.09,0.42,6915,3230,3280,9306.4,15.5,559652.0,1680.9,83.45,906.4,8947.8,9157.9
2024-05-07,1,0,5,128,even_sem_exam,0,25.6,32.2,0.0,0.13,0.17,6915,3230,3280,9244.9,6.3,610156.2,1658.3,79.85,877.2,9157.9,9412.9
2024-05-08,2,0,5,129,even_sem_exam,0,28.1,33.0,0.0,0.2,0.42,6915,3230,3280,9479.9,15.5,607167.2,1659.2,81.09,826.2,9412.9,9375.8
2024-05-09,3,0,5,130,even_sem_exam,0,26.3,32.2,0.0,0.35,0.42,6915,3230,3280,9294.0,15.5,563897.8,1655.6,78.89,716.9,9375.8,9051.0
2024-05-10,4,0,5,131,even_sem_exam,0,26.0,32.3,0.0,0.02,0.36,6915,3230,3280,9076.9,13.3,568385.9,1655.0,80.49,957.4,9051.0,7490.9
2024-05-11,5,1,5,132,even_sem_exam,0,26.8,33.2,0.0,0.29,0.79,3875,3060,410,7773.7,24.2,486347.1,945.9,61.73,760.6,7490.9,7084.1
2024-05-12,6,1,5,133,even_sem_exam,0,28.1,33.6,0.0,0.13,0.13,3875,3060,410,7686.5,4.0,484392.7,961.2,62.09,877.2,7084.1,9359.5
2024-05-13,0,0,5,134,even_sem_exam,0,27.7,35.1,0.0,0.31,0.61,6915,3230,3280,9731.5,22.5,599142.9,1674.0,80.46,746.0,9359.5,9417.9
2024-05-14,1,0,5,135,even_sem_exam,0,26.3,33.7,0.0,0.15,0.44,6915,3230,3280,9436.8,16.2,595884.9,1695.5,79.75,862.7,9417.9,9633.3
2024-05-15,2,0,5,136,even_sem_exam,0,29.1,36.3,0.0,0.2,0.69,6915,3230,3280,9676.0,25.4,626225.0,1670.4,83.3,826.2,9633.3,10086.5
2024-05-16,3,0,5,137,even_sem_classes,0,27.3,34.0,0.0,0.08,0.61,7557,3298,3854,10182.9,23.3,559991.2,1818.4,86.61,913.7,10086.5,10302.8
2024-05-17,4,0,5,138,even_sem_classes,0,27.0,33.9,0.0,0.26,0.35,7557,3298,3854,10256.0,13.3,636243.7,1827.0,85.71,782.5,10302.8,7572.4
2024-05-18,5,1,5,139,even_sem_classes,0,26.6,34.1,0.0,0.13,0,3875,3060,410,7864.5,0.0,454795.3,933.4,57.19,877.2,7572.4,7545.0
2024-05-19,6,1,5,140,even_sem_classes,0,27.9,36.5,0.0,0.02,0.64,3875,3060,410,8488.2,19.6,457659.3,882.7,60.08,957.4,7545.0,10099.8
2024-05-20,0,0,5,141,even_sem_classes,0,27.8,35.0,0.0,0.16,0.3,7557,3298,3854,10633.7,11.4,572526.9,1810.6,87.67,855.4,10099.8,10341.1
2024-05-21,1,0,5,142,even_sem_classes,0,25.9,31.7,0.0,0.24,0.42,7557,3298,3854,10347.0,16.0,637302.2,1804.2,85.25,797.0,10341.1,10506.1
2024-05-22,2,0,5,143,even_sem_classes,0,28.5,34.7,0.0,0.29,0.11,7557,3298,3854,10523.7,4.2,561031.1,1826.7,88.27,760.6,10506.1,10382.9
2024-05-23,3,0,5,144,even_sem_classes,0,27.9,33.4,0.0,0.08,0.21,7557,3298,3854,10466.5,8.0,574841.4,1818.2,86.03,913.7,10382.9,10528.8
2024-05-24,4,0,5,145,even_sem_classes,0,28.7,34.4,0.0,0.0,0.65,7557,3298,3854,10725.1,24.8,598744.9,1802.0,84.12,972.0,10528.8,8072.8
2024-05-25,5,1,5,146,even_sem_classes,0,30.5,37.1,0.0,0.14,0.83,3875,3060,410,8449.5,25.4,457717.7,919.4,60.58,869.9,8072.8,7624.8
2024-05-26,6,1,5,147,even_sem_classes,0,30.4,37.3,0.0,0.02,0.89,3875,3060,410,8400.5,27.3,460489.7,926.3,62.06,957.4,7624.8,10370.0
2024-05-27,0,0,5,148,even_sem_classes,0,29.1,35.9,0.0,0.25,0.44,7557,3298,3854,10898.7,16.8,633324.1,1814.9,85.0,789.8,10370.0,10449.1
2024-05-28,1,0,5,149,even_sem_classes,0,29.9,37.1,0.0,0.11,0.59,7557,3298,3854,10523.5,22.5,581436.2,1813.8,86.36,891.8,10449.1,10545.7
2024-05-29,2,0,5,150,even_sem_classes,0,29.2,35.0,0.0,0.28,0.59,7557,3298,3854,10509.2,22.5,627982.2,1805.0,87.6,767.9,10545.7,10532.8
2024-05-30,3,0,5,151,even_sem_classes,0,30.1,36.7,0.0,0.0,0,7557,3298,3854,10704.8,0.0,620965.3,1840.3,86.56,972.0,10532.8,11025.3
2024-05-31,4,0,5,152,even_sem_classes,0,29.6,36.8,0.0,0.18,0.23,7557,3298,3854,11253.1,8.8,640030.1,1840.8,84.44,840.8,11025.3,5942.8
2024-06-01,5,1,6,153,summer_break,0,29.4,35.8,0.0,0.23,0.56,880,510,123,6607.3,13.8,87266.1,201.4,10.19,804.3,5942.8,4908.1
2024-06-02,6,1,6,154,summer_break,0,28.6,35.0,0.0,0.14,0.19,880,510,123,6328.8,4.7,86048.9,192.0,9.32,869.9,4908.1,5182.1
2024-06-03,0,0,6,155,summer_break,0,30.2,36.8,0.0,0.18,0,880,510,123,6877.4,0.0,88915.8,226.1,10.51,840.8,5182.1,5088.6
2024-06-04,1,0,6,156,summer_break,0,29.3,37.4,0.0,0.16,0.71,880,510,123,6657.9,17.5,82190.2,212.9,11.89,855.4,5088.6,5054.1
2024-06-05,2,0,6,157,summer_break,0,30.2,36.7,0.0,0.23,0.08,880,510,123,6675.0,2.0,91556.8,178.1,11.32,804.3,5054.1,5104.6
2024-06-06,3,0,6,158,summer_break,0,30.6,37.2,0.0,0.1,1.01,880,510,123,6744.2,24.8,90184.9,198.6,12.11,899.1,5104.6,5247.2
2024-06-07,4,0,6,159,summer_break,0,30.2,38.9,0.0,0.2,0.36,880,510,123,6908.8,8.9,80537.0,212.7,10.09,826.2,5247.2,5124.4
2024-06-08,5,1,6,160,summer_break,0,29.2,35.4,13.6,0.4,0.6,880,510,123,6542.4,14.8,92638.9,206.1,9.67,680.4,5124.4,4890.9
2024-06-09,6,1,6,161,summer_break,0,29.5,36.1,0.0,0.21,0.58,880,510,123,6367.1,14.3,83990.6,208.5,11.63,818.9,4890.9,4860.7
2024-06-10,0,0,6,162,summer_break,0,31.2,38.2,0.0,0.0,0.65,880,510,123,6461.8,16.0,96302.1,248.4,11.26,972.0,4860.7,4773.5
2024-06-11,1,0,6,163,summer_break,0,30.2,38.3,0.0,0.06,0.07,880,510,123,6385.2,1.7,89635.9,220.1,12.19,928.3,4773.5,4827.1
2024-06-12,2,0,6,164,summer_break,0,29.2,35.8,0.0,0.0,0.07,880,510,123,6555.1,1.7,95259.1,198.3,11.52,972.0,4827.1,4722.3
2024-06-13,3,0,6,165,summer_break,0,30.1,36.7,0.0,0.1,0.38,880,510,123,6257.9,9.3,86248.3,230.5,10.56,899.1,4722.3,5005.6
2024-06-14,4,0,6,166,summer_break,0,31.3,37.6,0.0,0.06,0.4,880,510,123,6771.8,9.8,81421.3,196.7,8.37,928.3,5005.6,5285.5
2024-06-15,5,1,6,167,summer_break,0,32.2,38.2,0.0,0.15,1.25,880,510,123,6939.5,30.7,121865.8,212.3,8.32,862.7,5285.5,5512.0
2024-06-16,6,1,6,168,summer_break,0,31.7,39.5,7.4,0.6,0.36,880,510,123,6963.1,8.9,83108.0,203.7,11.91,534.6,5512.0,5337.4
2024-06-17,0,0,6,169,summer_break,0,30.8,38.2,7.6,0.24,0.59,880,510,123,6940.4,14.5,86566.8,191.1,7.4,797.0,5337.4,4974.3
2024-06-18,1,0,6,170,summer_break,0,30.5,37.3,0.0,0.03,0.79,880,510,123,6560.4,19.4,92091.9,210.7,8.49,950.1,4974.3,5233.2
2024-06-19,2,0,6,171,summer_break,0,32.1,37.7,0.0,0.11,0.99,880,510,123,6905.3,24.3,113232.0,218.8,11.21,891.8,5233.2,5175.5
2024-06-20,3,0,6,172,summer_break,0,30.0,35.5,11.1,0.37,0.33,880,510,123,6661.3,8.1,82669.5,209.9,9.7,702.3,5175.5,5075.7
2024-06-21,4,0,6,173,summer_break,0,31.6,36.3,0.0,0.22,0.58,880,510,123,6645.6,14.3,87670.5,191.2,9.15,811.6,5075.7,5148.7
2024-06-22,5,1,6,174,summer_break,0,31.6,38.9,0.0,0.07,0.14,880,510,123,6878.0,3.4,80222.8,216.5,10.95,921.0,5148.7,4599.7
2024-06-23,6,1,6,175,summer_break,0,30.3,37.1,0.0,0.02,1.1,880,510,123,6052.1,27.0,86064.7,200.6,11.44,957.4,4599.7,5099.4
2024-06-24,0,0,6,176,summer_break,0,31.7,36.4,0.0,0.12,0.21,880,510,123,6885.5,5.2,84841.5,207.5,8.91,884.5,5099.4,5105.5
2024-06-25,1,0,6,177,summer_break,0,30.8,38.6,0.0,0.11,0.64,880,510,123,6761.5,15.7,88993.6,203.0,9.63,891.8,5105.5,5029.4
2024-06-26,2,0,6,178,summer_break,0,29.5,36.4,0.0,0.36,0.37,880,510,123,6495.0,9.1,92615.0,196.0,10.66,709.6,5029.4,4949.1
2024-06-27,3,0,6,179,summer_break,0,32.9,39.9,0.0,0.02,0.63,880,510,123,6581.3,15.5,113364.0,219.3,10.69,957.4,4949.1,4955.9
2024-06-28,4,0,6,180,summer_break,0,31.5,37.8,0.0,0.05,0.25,880,510,123,6614.4,6.1,96161.9,226.0,10.9,935.6,4955.9,5188.2
2024-06-29,5,1,6,181,summer_break,0,32.5,40.1,0.0,0.1,0.37,880,510,123,6939.6,9.1,113673.9,192.2,10.97,899.1,5188.2,5357.8
2024-06-30,6,1,6,182,summer_break,0,32.3,38.6,0.0,0.08,0.97,880,510,123,7090.3,23.8,119790.3,199.3,10.04,913.7,5357.8,5211.7
2024-07-01,0,0,7,183,summer_break,0,33.0,40.5,0.0,0.03,0.42,880,510,123,6879.1,10.3,109633.4,230.0,11.97,950.1,5211.7,5003.0
2024-07-02,1,0,7,184,summer_break,0,29.7,34.5,0.0,0.06,0,880,510,123,6682.1,0.0,86534.8,201.1,9.6,928.3,5003.0,4624.1
2024-07-03,2,0,7,185,summer_break,0,28.5,34.6,0.0,0.24,0.36,880,510,123,6019.1,8.9,86084.4,201.8,10.47,797.0,4624.1,4927.9
2024-07-04,3,0,7,186,summer_break,0,30.8,36.5,0.0,0.17,0.08,880,510,123,6583.5,2.0,85299.9,226.7,8.23,848.1,4927.9,5321.5
2024-07-05,4,0,7,187,summer_break,0,33.3,39.8,0.0,0.02,0.32,880,510,123,7170.8,7.9,117516.0,206.0,13.03,957.4,5321.5,5132.9
2024-07-06,5,1,7,188,summer_break,0,31.8,39.2,0.0,0.3,0.5,880,510,123,6614.4,12.3,92696.3,208.5,10.19,753.3,5132.9,5237.3
2024-07-07,6,1,7,189,summer_break,0,32.8,39.9,0.0,0.05,0,880,510,123,7043.9,0.0,109163.0,190.3,10.67,935.6,5237.3,5323.9
2024-07-08,0,0,7,190,summer_break,0,33.4,39.3,0.0,0.17,0.18,880,510,123,7018.7,4.4,106119.8,203.8,12.72,848.1,5323.9,5258.3
2024-07-09,1,0,7,191,summer_break,0,31.9,39.3,0.0,0.08,0,880,510,123,6977.4,0.0,84218.5,223.1,10.2,913.7,5258.3,5445.8
2024-07-10,2,0,7,192,summer_break,0,35.6,42.5,0.0,0.22,0.15,880,510,123,7129.7,3.7,122279.0,227.7,8.55,811.6,5445.8,5506.8
2024-07-11,3,0,7,193,summer_break,0,32.3,38.1,3.2,0.29,0.51,880,510,123,7119.2,12.5,121133.8,208.0,10.19,760.6,5506.8,5294.3
2024-07-12,4,0,7,194,summer_break,0,33.1,39.9,0.0,0.0,0.42,880,510,123,7011.8,10.3,110375.9,213.1,11.68,972.0,5294.3,5692.7
2024-07-13,5,1,7,195,summer_break,0,35.0,41.4,0.0,0.03,0.86,880,510,123,7619.6,21.1,123291.1,179.4,10.07,950.1,5692.7,5228.3
2024-07-14,6,1,7,196,summer_break,0,32.2,38.5,0.0,0.04,0.45,880,510,123,6861.4,11.1,125377.1,201.8,9.9,942.8,5228.3,5137.6
2024-07-15,0,0,7,197,summer_break,0,32.5,38.8,0.0,0.16,0.34,880,510,123,6747.6,8.4,112756.7,205.1,11.46,855.4,5137.6,5288.9
2024-07-16,1,0,7,198,summer_break,0,32.2,38.9,0.0,0.23,0.34,880,510,123,6904.0,8.4,120008.7,220.9,12.51,804.3,5288.9,5372.4
2024-07-17,2,0,7,199,summer_break,0,33.0,39.0,0.0,0.14,0.41,880,510,123,7090.7,10.1,115884.0,199.5,10.45,869.9,5372.4,5464.9
2024-07-18,3,0,7,200,summer_break,0,33.3,39.3,0.0,0.09,0.71,880,510,123,7204.7,17.5,115985.7,204.9,11.92,906.4,5464.9,5236.5
2024-07-19,4,0,7,201,summer_break,0,33.3,40.3,0.0,0.27,0.72,880,510,123,6731.4,17.7,113459.3,202.5,11.4,775.2,5236.5,4935.7
2024-07-20,5,1,7,202,summer_break,0,31.4,37.4,0.0,0.04,0.49,880,510,123,6502.0,12.0,92218.5,231.4,11.9,942.8,4935.7,5258.1
2024-07-21,6,1,7,203,summer_break,0,32.4,37.8,0.0,0.19,0.27,880,510,123,6927.7,6.6,119146.5,240.6,7.97,833.5,5258.1,4867.1
2024-07-22,0,0,7,204,summer_break,0,31.4,37.0,0.0,0.25,0.23,880,510,123,6306.5,5.7,85812.1,212.3,9.05,789.8,4867.1,5252.7
2024-07-23,1,0,7,205,summer_break,0,33.3,39.3,0.0,0.16,0.36,880,510,123,6953.6,8.9,125866.6,227.9,10.81,855.4,5252.7,5226.7
2024-07-24,2,0,7,206,summer_break,0,32.2,37.9,0.0,0.01,0.23,880,510,123,6996.8,5.7,111880.6,198.2,11.88,964.7,5226.7,5209.9
2024-07-25,3,0,7,207,summer_break,0,33.0,38.7,0.0,0.3,0.55,880,510,123,6750.4,13.5,118945.8,192.9,10.62,753.3,5209.9,5540.2
2024-07-26,4,0,7,208,summer_break,0,34.8,43.0,0.0,0.26,0.08,880,510,123,7265.9,2.0,109978.7,215.6,10.84,782.5,5540.2,5281.0
2024-07-27,5,1,7,209,summer_break,0,32.6,39.4,7.5,0.4,0.01,880,510,123,6736.1,0.2,121957.2,207.7,9.88,680.4,5281.0,5474.7
2024-07-28,6,1,7,210,summer_break,0,34.2,39.2,0.0,0.15,0.48,880,510,123,7229.8,11.8,119892.5,196.6,10.14,862.7,5474.7,5432.8
2024-07-29,0,0,7,211,summer_break,0,32.7,38.9,0.0,0.1,0.84,880,510,123,7097.0,20.7,114645.9,226.2,9.87,899.1,5432.8,5808.7
2024-07-30,1,0,7,212,summer_break,0,34.3,40.7,22.1,0.72,0.35,880,510,123,7233.8,8.6,115695.1,225.0,9.96,447.1,5808.7,5145.2
2024-07-31,2,0,7,213,summer_break,0,33.2,39.3,0.0,0.0,0.87,880,510,123,6671.8,21.4,118082.3,234.4,9.39,972.0,5145.2,10245.4
2024-08-01,3,0,8,214,odd_sem_classes,0,34.0,39.9,0.0,0.22,0.3,7557,3298,3854,11172.8,11.4,845504.0,1827.4,88.34,811.6,10245.4,11164.0
2024-08-02,4,0,8,215,odd_sem_classes,0,32.4,40.5,0.0,0.43,0.56,7557,3298,3854,11217.1,21.3,896048.4,1816.0,84.18,658.5,11164.0,8642.5
2024-08-03,5,1,8,216,odd_sem_classes,0,33.5,40.3,0.0,0.15,0.19,3875,3060,410,9128.3,5.8,632578.5,910.2,59.76,862.7,8642.5,8282.2
2024-08-04,6,1,8,217,odd_sem_classes,0,33.7,39.2,0.0,0.14,0.36,3875,3060,410,9146.1,11.0,589955.8,918.0,61.23,869.9,8282.2,10948.0
2024-08-05,0,0,8,218,odd_sem_classes,0,32.8,38.5,0.0,0.15,0,7557,3298,3854,11663.3,0.0,771043.7,1803.9,87.09,862.7,10948.0,11247.6
2024-08-06,1,0,8,219,odd_sem_classes,0,34.3,40.6,0.0,0.1,1.34,7557,3298,3854,11364.2,51.1,838400.3,1797.2,88.56,899.1,11247.6,11316.4
2024-08-07,2,0,8,220,odd_sem_classes,0,34.6,41.8,0.0,0.21,0.6,7557,3298,3854,11450.9,22.9,780474.4,1793.7,85.6,818.9,11316.4,11272.8
2024-08-08,3,0,8,221,odd_sem_classes,0,33.8,39.5,0.0,0.29,0.14,7557,3298,3854,11337.0,5.3,825622.5,1798.1,88.39,760.6,11272.8,10927.3
2024-08-09,4,0,8,222,odd_sem_classes,0,33.0,39.4,0.0,0.18,0.48,7557,3298,3854,10886.2,18.3,816418.8,1811.6,84.89,840.8,10927.3,8540.0
2024-08-10,5,1,8,223,odd_sem_classes,0,33.6,42.4,0.0,0.25,0.3,3875,3060,410,8893.0,9.2,654395.7,938.8,61.32,789.8,8540.0,8204.7
2024-08-11,6,1,8,224,odd_sem_classes,0,32.8,39.7,0.0,0.21,0.63,3875,3060,410,8913.9,19.3,641315.7,947.9,61.55,818.9,8204.7,10806.6
2024-08-12,0,0,8,225,odd_sem_classes,0,34.5,41.2,0.0,0.08,0,7557,3298,3854,11495.5,0.0,854637.0,1803.2,86.51,913.7,10806.6,11216.9
2024-08-13,1,0,8,226,odd_sem_classes,0,33.8,40.7,0.0,0.13,0.99,7557,3298,3854,11341.5,37.7,833409.4,1829.8,85.12,877.2,11216.9,11045.1
2024-08-14,2,0,8,227,odd_sem_classes,0,32.9,39.4,0.0,0.06,0.49,7557,3298,3854,11117.0,18.7,850745.4,1826.8,85.0,928.3,11045.1,8282.1
2024-08-15,3,0,8,228,odd_sem_classes,1,35.2,41.7,0.0,0.03,0.39,3500,2890,205,8777.4,11.7,616410.4,864.0,59.56,950.1,8282.1,10780.0
2024-08-16,4,0,8,229,odd_sem_classes,0,33.7,39.0,0.0,0.2,0.44,7557,3298,3854,11284.1,16.8,881416.6,1803.1,87.32,826.2,10780.0,8509.5
2024-08-17,5,1,8,230,odd_sem_classes,0,33.2,41.0,0.0,0.05,0.47,3875,3060,410,9061.8,14.4,604787.7,917.7,60.96,935.6,8509.5,8102.4
2024-08-18,6,1,8,231,odd_sem_classes,0,31.7,38.1,0.0,0.02,0.24,3875,3060,410,9032.1,7.4,473349.4,947.1,59.28,957.4,8102.4,10514.9
2024-08-19,0,0,8,232,odd_sem_classes,0,31.6,38.5,0.0,0.15,0.28,7557,3298,3854,11089.3,10.7,610652.8,1823.3,86.44,862.7,10514.9,11035.0
2024-08-20,1,0,8,233,odd_sem_classes,0,33.5,41.1,0.0,0.09,0.89,7557,3298,3854,11217.2,33.9,824563.7,1806.4,86.28,906.4,11035.0,11020.1
2024-08-21,2,0,8,234,odd_sem_classes,0,33.0,38.5,0.0,0.0,1.1,7557,3298,3854,11144.8,41.9,819404.2,1802.9,82.34,972.0,11020.1,11248.9
2024-08-22,3,0,8,235,odd_sem_classes,0,34.0,39.3,0.0,0.0,0,7557,3298,3854,11596.4,0.0,834597.8,1800.5,86.1,972.0,11248.9,11401.6
2024-08-23,4,0,8,236,odd_sem_classes,0,33.8,40.4,0.0,0.05,1.18,7557,3298,3854,11559.0,45.0,825911.5,1829.8,82.34,935.6,11401.6,8868.1
2024-08-24,5,1,8,237,odd_sem_classes,0,33.5,39.6,0.0,0.11,0.8,3875,3060,410,9301.7,24.5,631133.1,951.1,62.63,891.8,8868.1,8320.8
2024-08-25,6,1,8,238,odd_sem_classes,0,32.5,39.2,0.0,0.17,0.48,3875,3060,410,9099.9,14.7,636377.5,924.8,58.38,848.1,8320.8,10349.1
2024-08-26,0,0,8,239,odd_sem_classes,0,31.4,37.6,0.0,0.08,0.8,7557,3298,3854,10846.5,30.5,542272.2,1810.2,84.18,913.7,10349.1,11002.6
2024-08-27,1,0,8,240,odd_sem_classes,0,33.4,40.7,0.0,0.01,0.46,7557,3298,3854,11294.3,17.5,903477.2,1805.8,83.86,964.7,11002.6,11248.5
2024-08-28,2,0,8,241,odd_sem_classes,0,33.5,40.7,0.0,0.11,0.14,7557,3298,3854,11495.2,5.3,847519.3,1812.0,82.06,891.8,11248.5,11090.3
2024-08-29,3,0,8,242,odd_sem_classes,0,32.7,40.0,0.0,0.2,0.37,7557,3298,3854,11087.4,14.1,869650.4,1817.3,86.62,826.2,11090.3,11412.3
2024-08-30,4,0,8,243,odd_sem_classes,0,34.8,42.2,0.0,0.06,0.85,7557,3298,3854,11660.0,32.4,827928.9,1805.5,86.62,928.3,11412.3,8658.7
2024-08-31,5,1,8,244,odd_sem_classes,0,34.9,40.6,0.0,0.09,0.23,3875,3060,410,9161.3,7.1,564659.2,924.0,55.88,906.4,8658.7,8315.9
2024-09-01,6,1,9,245,odd_sem_classes,0,34.3,41.1,0.0,0.16,0.63,3875,3060,410,9151.2,19.3,638526.5,909.2,58.42,855.4,8315.9,10770.9
2024-09-02,0,0,9,246,odd_sem_classes,0,33.6,40.4,0.0,0.11,0.55,7557,3298,3854,11300.3,21.0,868092.5,1830.7,82.49,891.8,10770.9,11213.4
2024-09-03,1,0,9,247,odd_sem_classes,0,33.6,41.3,10.1,0.42,0.56,7557,3298,3854,11189.9,21.3,899031.0,1804.8,86.04,665.8,11213.4,11216.6
2024-09-04,2,0,9,248,odd_sem_classes,0,31.4,37.1,0,0.15,0.58,7557,3298,3854,11399.4,22.1,564601.8,1825.9,88.03,862.7,11216.6,11503.5
2024-09-05,3,0,9,249,odd_sem_classes,0,32.9,38.4,0.0,0.39,0.85,7557,3298,3854,11544.3,32.4,848900.5,1789.1,84.66,687.7,11503.5,10965.0
2024-09-06,4,0,9,250,odd_sem_classes,0,32.5,39.3,0.0,0.19,0.35,7557,3298,3854,10904.6,13.3,742343.1,1826.5,86.45,833.5,10965.0,8521.6
2024-09-07,5,1,9,251,odd_sem_classes,0,33.1,40.2,0.0,0.04,0.82,3875,3060,410,8972.8,25.1,641868.3,930.4,62.45,942.8,8521.6,7986.1
2024-09-08,6,1,9,252,odd_sem_classes,0,33.8,40.9,0.0,0.08,0.55,3875,3060,410,8714.9,16.9,634410.7,950.6,59.07,913.7,7986.1,10967.5
2024-09-09,0,0,9,253,odd_sem_classes,0,32.7,40.2,5.5,0.34,0.8,7557,3298,3854,11491.3,30.5,812115.5,1816.5,84.43,724.1,10967.5,11412.5
2024-09-10,1,0,9,254,odd_sem_classes,0,33.6,40.2,5.9,0.29,0.15,7557,3298,3854,11611.7,5.7,801731.3,1811.1,86.07,760.6,11412.5,10571.0
2024-09-11,2,0,9,255,odd_sem_classes,0,31.2,37.6,0.0,0.21,0.17,7557,3298,3854,10448.2,6.5,595934.1,1815.2,85.57,818.9,10571.0,11182.3
2024-09-12,3,0,9,256,odd_sem_classes,0,32.4,38.5,0.0,0.09,0.21,7557,3298,3854,11497.1,8.0,830679.4,1809.2,85.58,906.4,11182.3,11124.2
2024-09-13,4,0,9,257,odd_sem_classes,0,30.2,37.3,0.0,0.31,0.96,7557,3298,3854,11146.0,36.6,607471.3,1793.9,85.33,746.0,11124.2,8554.0
2024-09-14,5,1,9,258,odd_sem_classes,0,33.3,39.5,0.0,0.07,0.42,3875,3060,410,9065.6,12.9,617483.4,899.8,59.85,921.0,8554.0,8480.5
2024-09-15,6,1,9,259,odd_sem_classes,0,33.1,38.7,0.0,0.17,0.9,3875,3060,410,9346.4,27.6,592738.9,934.1,62.17,848.1,8480.5,10961.5
2024-09-16,0,0,9,260,odd_sem_classes,0,33.8,38.9,0.0,0.0,0.8,7557,3298,3854,11598.8,30.5,850951.0,1816.7,86.78,972.0,10961.5,10726.7
2024-09-17,1,0,9,261,odd_sem_classes,0,31.5,38.3,0.0,0.23,0.06,7557,3298,3854,10787.8,2.3,587480.6,1798.0,87.7,804.3,10726.7,11229.0
2024-09-18,2,0,9,262,odd_sem_classes,0,35.0,41.7,0.0,0.12,0,7557,3298,3854,11579.9,0.0,763709.2,1798.1,85.34,884.5,11229.0,11029.3
2024-09-19,3,0,9,263,odd_sem_classes,0,34.1,40.5,0.0,0.08,0,7557,3298,3854,11178.1,0.0,810266.2,1809.0,85.65,913.7,11029.3,10996.2
2024-09-20,4,0,9,264,odd_sem_classes,0,32.2,39.0,0.0,0.15,0.49,7557,3298,3854,11067.6,18.7,783520.2,1810.4,86.61,862.7,10996.2,8234.8
2024-09-21,5,1,9,265,odd_sem_classes,0,30.3,36.2,0.0,0.17,0.57,3875,3060,410,8569.7,17.5,472671.1,927.5,59.99,848.1,8234.8,7895.8
2024-09-22,6,1,9,266,odd_sem_classes,0,33.7,40.9,0.0,0.21,0.31,3875,3060,410,8618.8,9.5,622198.3,926.7,58.12,818.9,7895.8,10658.8
2024-09-23,0,0,9,267,odd_sem_classes,0,32.6,39.7,0.0,0.08,0.25,7557,3298,3854,11361.5,9.5,774948.3,1791.6,88.65,913.7,10658.8,11417.9
2024-09-24,1,0,9,268,odd_sem_classes,0,33.0,39.4,0.0,0.17,0.39,7557,3298,3854,11768.3,14.9,758810.0,1806.6,85.93,848.1,11417.9,11111.6
2024-09-25,2,0,9,269,odd_sem_classes,0,31.5,39.0,2.7,0.36,0.33,7557,3298,3854,11104.6,12.6,605185.7,1799.8,87.34,709.6,11111.6,11153.7
2024-09-26,3,0,9,270,odd_sem_classes,0,31.4,38.3,0.0,0.29,0.67,7557,3298,3854,11182.9,25.5,698045.4,1814.2,86.52,760.6,11153.7,10683.4
2024-09-27,4,0,9,271,odd_sem_classes,0,29.2,36.0,0.0,0.22,0.03,7557,3298,3854,10684.8,1.1,592872.1,1806.6,86.73,811.6,10683.4,8324.7
2024-09-28,5,1,9,272,odd_sem_classes,0,31.4,37.3,4.9,0.37,0.33,3875,3060,410,8682.5,10.1,452305.2,908.1,59.38,702.3,8324.7,7533.2
2024-09-29,6,1,9,273,odd_sem_classes,0,31.5,36.9,0.0,0.03,0.34,3875,3060,410,8227.9,10.4,505518.3,942.7,60.01,950.1,7533.2,10463.9
2024-09-30,0,0,9,274,odd_sem_classes,0,31.7,38.7,0.0,0.1,0.67,7557,3298,3854,11164.4,25.5,603083.2,1797.1,87.07,899.1,10463.9,10651.9
2024-10-01,1,0,10,275,odd_sem_classes,0,30.6,36.6,0.0,0.09,0,7557,3298,3854,10862.6,0.0,595823.6,1827.0,85.02,906.4,10651.9,8210.5
2024-10-02,2,0,10,276,odd_sem_classes,1,30.7,38.7,32.3,1.0,0.34,3500,2890,205,8193.5,10.2,440378.0,831.9,55.08,243.0,8210.5,10466.0
2024-10-03,3,0,10,277,odd_sem_classes,0,29.9,35.8,0.0,0.07,0.17,7557,3298,3854,11053.5,6.5,654840.5,1819.2,86.81,921.0,10466.0,10465.9
2024-10-04,4,0,10,278,odd_sem_classes,0,28.4,35.1,0.0,0.24,0.16,7557,3298,3854,10446.1,6.1,619905.1,1834.7,84.7,797.0,10465.9,8167.0
2024-10-05,5,1,10,279,odd_sem_classes,0,30.5,39.1,0.0,0.1,0.06,3875,3060,410,8663.3,1.8,474935.6,942.7,60.93,899.1,8167.0,8279.7
2024-10-06,6,1,10,280,odd_sem_classes,0,31.7,38.7,18.8,0.61,0.37,3875,3060,410,8929.2,11.3,440935.8,943.4,61.26,527.3,8279.7,10659.7
2024-10-07,0,0,10,281,odd_sem_classes,0,31.8,39.0,0.0,0.1,0.68,7557,3298,3854,11259.5,25.9,613617.1,1814.9,85.49,899.1,10659.7,10904.9
2024-10-08,1,0,10,282,odd_sem_classes,0,28.0,33.8,0.0,0.29,0,7557,3298,3854,11027.5,0.0,654685.3,1811.3,86.95,760.6,10904.9,10603.9
2024-10-09,2,0,10,283,odd_sem_classes,0,32.0,39.2,0.0,0.09,0.41,7557,3298,3854,10626.6,15.6,639740.0,1828.3,85.24,906.4,10603.9,11000.3
2024-10-10,3,0,10,284,odd_sem_classes,0,31.8,38.8,9.9,0.53,0.63,7557,3298,3854,10931.7,24.0,603928.2,1824.8,85.31,585.6,11000.3,10837.3
2024-10-11,4,0,10,285,odd_sem_classes,0,32.0,38.7,0.0,0.13,0.37,7557,3298,3854,10951.4,14.1,613339.1,1805.2,87.65,877.2,10837.3,9031.6
2024-10-12,5,1,10,286,odd_sem_classes,0,32.9,38.7,37.5,1.0,0.28,3875,3060,410,9074.1,8.6,616062.7,943.6,63.62,243.0,9031.6,7986.8
2024-10-13,6,1,10,287,odd_sem_classes,0,30.2,37.8,0.0,0.23,1.02,3875,3060,410,8508.9,31.3,450946.8,956.4,62.15,804.3,7986.8,10369.9
2024-10-14,0,0,10,288,odd_sem_classes,0,30.2,37.1,0.0,0.12,0.66,7557,3298,3854,10912.0,25.2,553808.6,1818.5,86.34,884.5,10369.9,10669.1
2024-10-15,1,0,10,289,odd_sem_classes,0,30.3,38.1,16.5,0.38,0.84,7557,3298,3854,10608.4,32.0,634874.1,1807.5,83.35,695.0,10669.1,10786.5
2024-10-16,2,0,10,290,odd_sem_classes,0,30.7,37.6,18.3,0.6,0.74,7557,3298,3854,10536.9,28.2,601757.5,1831.8,85.45,534.6,10786.5,10572.4
2024-10-17,3,0,10,291,odd_sem_classes,0,30.2,37.3,0.0,0.15,0.65,7557,3298,3854,10619.9,24.8,577927.1,1787.6,84.27,862.7,10572.4,11170.0
2024-10-18,4,0,10,292,odd_sem_classes,0,30.7,37.0,12.9,0.42,1.03,7557,3298,3854,11239.7,39.3,635539.7,1796.8,84.84,665.8,11170.0,8054.8
2024-10-19,5,1,10,293,odd_sem_classes,0,31.0,36.7,0.0,0.13,0,3875,3060,410,8356.3,0.0,458603.6,935.0,59.86,877.2,8054.8,7832.3
2024-10-20,6,1,10,294,odd_sem_classes,0,30.8,37.5,0.0,0.19,0.61,3875,3060,410,8581.8,18.7,484770.6,942.0,59.86,833.5,7832.3,10136.2
2024-10-21,0,0,10,295,odd_sem_classes,0,29.4,36.9,0.0,0.0,0.04,7557,3298,3854,10758.6,1.5,627346.1,1814.0,83.91,972.0,10136.2,10661.0
2024-10-22,1,0,10,296,odd_sem_classes,0,31.1,36.5,0.0,0.1,0.51,7557,3298,3854,10927.9,19.4,602058.5,1789.2,84.44,899.1,10661.0,10919.4
2024-10-23,2,0,10,297,odd_sem_classes,0,30.9,37.5,10.0,0.41,0.6,7557,3298,3854,10881.8,22.9,627100.9,1822.4,86.99,673.1,10919.4,10759.0
2024-10-24,3,0,10,298,odd_sem_classes,0,31.6,37.0,0.0,0.03,0,7557,3298,3854,10981.9,0.0,615434.1,1806.3,85.21,950.1,10759.0,10664.0
2024-10-25,4,0,10,299,odd_sem_classes,0,29.5,36.7,0.0,0.0,0,7557,3298,3854,10926.6,0.0,641229.5,1784.9,83.7,972.0,10664.0,8388.6
2024-10-26,5,1,10,300,odd_sem_classes,0,28.2,34.0,39.4,1.0,0,3875,3060,410,8313.2,0.0,450971.8,931.1,61.37,243.0,8388.6,7734.6
2024-10-27,6,1,10,301,odd_sem_classes,0,29.5,36.2,0.0,0.16,0,3875,3060,410,8483.0,0.0,422652.2,936.9,60.79,855.4,7734.6,10680.4
2024-10-28,0,0,10,302,odd_sem_classes,0,29.4,35.0,29.4,0.94,0.49,7557,3298,3854,10850.7,18.7,616369.7,1787.5,86.68,286.7,10680.4,11200.0
2024-10-29,1,0,10,303,odd_sem_classes,0,28.6,35.5,17.1,0.74,0.39,7557,3298,3854,11103.7,14.9,588054.6,1808.6,86.51,432.5,11200.0,10653.0
2024-10-30,2,0,10,304,odd_sem_classes,0,27.1,33.6,16.5,0.54,0.04,7557,3298,3854,10367.8,1.5,618962.3,1823.3,85.14,578.3,10653.0,8080.5
2024-10-31,3,0,10,305,odd_sem_classes,1,31.1,35.5,13.8,0.52,0.43,3500,2890,205,8367.7,12.9,410177.3,826.3,55.28,592.9,8080.5,10526.1
2024-11-01,4,0,11,306,odd_sem_classes,0,29.4,35.7,15.3,0.58,0.1,7557,3298,3854,10825.3,3.8,630553.7,1812.9,86.41,549.2,10526.1,7955.4
2024-11-02,5,1,11,307,odd_sem_classes,0,29.0,35.6,0.0,0.0,0.34,3875,3060,410,8402.9,10.4,475039.1,938.1,59.55,972.0,7955.4,7757.3
2024-11-03,6,1,11,308,odd_sem_classes,0,27.9,35.3,0.0,0.13,0,3875,3060,410,8612.5,0.0,464260.2,935.3,61.52,877.2,7757.3,9929.3
2024-11-04,0,0,11,309,odd_sem_classes,0,27.3,33.6,0.0,0.09,0,7557,3298,3854,10419.7,0.0,573138.5,1822.0,86.5,906.4,9929.3,11234.2
2024-11-05,1,0,11,310,odd_sem_classes,0,28.6,34.2,32.3,1.0,0,7557,3298,3854,11152.2,0.0,647895.0,1803.0,87.5,243.0,11234.2,10561.5
2024-11-06,2,0,11,311,odd_sem_classes,0,28.7,35.2,0.0,0.14,0,7557,3298,3854,10551.2,0.0,575298.8,1809.9,88.41,869.9,10561.5,10224.8
2024-11-07,3,0,11,312,odd_sem_classes,0,27.4,33.2,0.0,0.07,0,7557,3298,3854,10251.7,0.0,617247.1,1814.5,85.07,921.0,10224.8,10459.6
2024-11-08,4,0,11,313,odd_sem_classes,0,28.0,35.4,0.0,0.18,0.18,7557,3298,3854,10593.9,6.9,618602.8,1796.2,82.18,840.8,10459.6,8051.5
2024-11-09,5,1,11,314,odd_sem_classes,0,26.6,33.9,17.7,0.56,0.52,3875,3060,410,8175.1,15.9,465480.6,903.6,61.26,563.8,8051.5,7959.0
2024-11-10,6,1,11,315,odd_sem_classes,0,29.3,35.2,22.6,0.79,0,3875,3060,410,8450.1,0.0,459260.4,899.8,62.01,396.1,7959.0,10096.0
2024-11-11,0,0,11,316,odd_sem_classes,0,26.9,33.9,18.7,0.62,0,7557,3298,3854,10204.1,0.0,599096.9,1835.9,84.98,520.0,10096.0,10278.2
2024-11-12,1,0,11,317,odd_sem_classes,0,27.6,33.9,7.1,0.26,0,7557,3298,3854,10344.5,0.0,578030.9,1784.6,86.23,782.5,10278.2,10081.6
2024-11-13,2,0,11,318,odd_sem_classes,0,26.4,32.8,0.0,0.29,0.0,7557,3298,3854,9918.4,0.0,682584.6,1812.1,86.11,760.6,10081.6,10732.8
2024-11-14,3,0,11,319,odd_sem_classes,0,29.4,36.3,21.8,0.67,0.29,7557,3298,3854,10591.9,11.1,637993.3,1821.6,84.91,483.6,10732.8,10271.8
2024-11-15,4,0,11,320,odd_sem_classes,0,28.0,34.2,0.0,0.09,0,7557,3298,3854,10250.3,0.0,638865.3,1818.8,85.63,906.4,10271.8,7679.9
2024-11-16,5,1,11,321,odd_sem_classes,0,27.3,33.4,0.0,0.25,0,3875,3060,410,7910.5,0.0,457267.9,953.0,56.88,789.8,7679.9,7131.0
2024-11-17,6,1,11,322,odd_sem_classes,0,25.4,31.3,0.0,0.22,0.13,3875,3060,410,7737.0,4.0,451519.2,917.9,58.05,811.6,7131.0,10412.4
2024-11-18,0,0,11,323,odd_sem_classes,0,26.9,32.8,37.4,0.98,0.22,7557,3298,3854,10578.4,8.4,570559.6,1823.7,84.22,257.6,10412.4,10288.2
2024-11-19,1,0,11,324,odd_sem_classes,0,26.8,33.5,0.0,0.09,0.2,7557,3298,3854,10337.4,7.6,601345.6,1817.4,85.23,906.4,10288.2,9410.1
2024-11-20,2,0,11,325,odd_sem_exam,0,26.5,33.3,0.0,0.08,0.11,6915,3230,3280,9387.0,4.0,544472.2,1650.9,83.62,913.7,9410.1,9348.3
2024-11-21,3,0,11,326,odd_sem_exam,0,25.4,32.3,6.9,0.4,0,6915,3230,3280,9245.3,0.0,587620.1,1662.2,80.19,680.4,9348.3,8850.4
2024-11-22,4,0,11,327,odd_sem_exam,0,24.4,30.4,0.0,0.12,0.06,6915,3230,3280,8745.5,2.2,618543.4,1652.5,79.12,884.5,8850.4,7107.3
2024-11-23,5,1,11,328,odd_sem_exam,0,25.2,30.7,0.0,0.2,0,3875,3060,410,7437.3,0.0,468862.2,936.9,60.1,826.2,7107.3,6939.8
2024-11-24,6,1,11,329,odd_sem_exam,0,25.5,31.3,0.0,0.18,0.27,3875,3060,410,7568.5,8.3,424368.9,944.6,59.9,840.8,6939.8,9057.0
2024-11-25,0,0,11,330,odd_sem_exam,0,25.5,31.4,14.0,0.53,0.29,6915,3230,3280,9266.2,10.7,556311.5,1644.7,80.46,585.6,9057.0,9383.3
2024-11-26,1,0,11,331,odd_sem_exam,0,25.9,32.3,28.7,0.93,0.23,6915,3230,3280,8905.1,8.5,610900.4,1685.8,82.74,294.0,9383.3,9522.0
2024-11-27,2,0,11,332,odd_sem_exam,0,25.7,33.8,25.3,0.62,0,6915,3230,3280,9363.0,0.0,567729.3,1645.2,82.71,520.0,9522.0,9382.5
2024-11-28,3,0,11,333,odd_sem_exam,0,28.1,35.7,0.0,0.18,0.19,6915,3230,3280,9478.8,7.0,517524.7,1631.7,80.66,840.8,9382.5,10008.4
2024-11-29,4,0,11,334,odd_sem_exam,0,28.2,34.2,29.3,0.83,0.47,6915,3230,3280,9820.3,17.3,566699.0,1677.1,79.13,366.9,10008.4,7803.1
2024-11-30,5,1,11,335,odd_sem_exam,0,26.9,33.5,35.8,1.0,0.79,3875,3060,410,7556.5,24.2,467529.1,915.3,59.67,243.0,7803.1,7085.6
2024-12-01,6,1,12,336,odd_sem_exam,0,23.7,31.6,0.0,0.02,0.29,3875,3060,410,7733.1,8.9,450143.6,943.1,60.05,957.4,7085.6,8709.6
2024-12-02,0,0,12,337,odd_sem_exam,0,25.1,30.1,9.0,0.35,0.32,6915,3230,3280,8821.5,11.8,626990.4,1651.3,81.32,716.9,8709.6,9191.8
2024-12-03,1,0,12,338,odd_sem_exam,0,24.6,30.5,0.0,0.12,0,6915,3230,3280,9326.5,0.0,627544.8,1680.5,81.98,884.5,9191.8,9064.1
2024-12-04,2,0,12,339,odd_sem_exam,0,24.5,31.7,0.0,0.1,0.08,6915,3230,3280,9102.2,2.9,594683.3,1649.7,81.83,899.1,9064.1,9150.2
2024-12-05,3,0,12,340,odd_sem_exam,0,27.5,35.0,0.0,0.08,0.11,6915,3230,3280,9218.2,4.0,642615.4,1666.0,82.63,913.7,9150.2,8648.0
2024-12-06,4,0,12,341,odd_sem_exam,0,22.8,28.5,0.0,0.17,0,6915,3230,3280,8493.3,0.0,608538.5,1634.3,80.48,848.1,8648.0,6833.8
2024-12-07,5,1,12,342,odd_sem_exam,0,23.8,29.7,0.0,0.26,0.05,3875,3060,410,7051.5,1.5,468403.7,930.8,59.27,782.5,6833.8,6547.0
2024-12-08,6,1,12,343,odd_sem_exam,0,23.7,30.4,0.0,0.1,0,3875,3060,410,7154.7,0.0,472720.8,934.3,56.65,899.1,6547.0,8318.8
2024-12-09,0,0,12,344,odd_sem_exam,0,24.6,31.7,0.0,0.0,0,6915,3230,3280,8662.2,0.0,571125.3,1675.1,80.94,972.0,8318.8,8971.0
2024-12-10,1,0,12,345,odd_sem_exam,0,23.9,29.8,0.0,0.0,0.18,6915,3230,3280,9150.0,6.6,610056.5,1687.5,83.98,972.0,8971.0,9757.7
2024-12-11,2,0,12,346,even_sem_classes,0,23.9,30.7,0.0,0.39,0,7557,3298,3854,9689.2,0.0,684111.9,1791.3,86.53,687.7,9757.7,10281.0
2024-12-12,3,0,12,347,even_sem_classes,0,26.2,33.1,0.0,0.24,0.07,7557,3298,3854,10349.6,2.7,564502.4,1840.5,87.55,797.0,10281.0,10147.3
2024-12-13,4,0,12,348,even_sem_classes,0,25.7,30.5,0.0,0.24,0.01,7557,3298,3854,10084.2,0.4,610298.7,1804.2,87.48,797.0,10147.3,7321.2
2024-12-14,5,1,12,349,even_sem_classes,0,22.9,29.2,0.0,0.26,0.33,3875,3060,410,7394.5,10.1,479765.9,929.6,59.91,782.5,7321.2,7204.7
2024-12-15,6,1,12,350,even_sem_classes,0,23.3,29.4,0.0,0.18,0.05,3875,3060,410,7932.6,1.5,479468.9,922.1,59.93,840.8,7204.7,9297.2
2024-12-16,0,0,12,351,even_sem_classes,0,23.1,30.0,0.0,0.15,0,7557,3298,3854,9621.7,0.0,603814.1,1790.8,85.69,862.7,9297.2,10237.7
2024-12-17,1,0,12,352,even_sem_classes,0,23.3,30.0,0.0,0.17,0.14,7557,3298,3854,10414.4,5.3,687596.2,1813.0,87.77,848.1,10237.7,9899.3
2024-12-18,2,0,12,353,even_sem_classes,0,23.8,30.3,0.0,0.12,0,7557,3298,3854,9808.2,0.0,591483.1,1822.6,87.67,884.5,9899.3,9860.9
2024-12-19,3,0,12,354,even_sem_classes,0,23.7,29.6,0.0,0.11,0.64,7557,3298,3854,9744.5,24.4,632985.0,1823.3,84.97,891.8,9860.9,4941.8
2024-12-20,4,0,12,355,winter_break,0,23.8,30.5,0.0,0.17,0.47,1010,680,82,5444.1,11.7,109037.0,208.2,12.78,848.1,4941.8,4898.9
2024-12-21,5,1,12,356,winter_break,0,26.0,31.5,0.0,0.04,0,1010,680,82,6464.3,0.0,102148.9,286.8,13.49,942.8,4898.9,4390.7
2024-12-22,6,1,12,357,winter_break,0,23.1,30.3,0.0,0.03,0.24,1010,680,82,5786.4,6.0,109393.7,246.4,13.26,950.1,4390.7,4569.3
2024-12-23,0,0,12,358,winter_break,0,25.4,29.5,0.0,0.28,0.35,1010,680,82,6000.8,8.7,107605.5,225.7,10.51,767.9,4569.3,4522.5
2024-12-24,1,0,12,359,winter_break,0,23.7,30.4,3.9,0.29,0,1010,680,82,5874.2,0.0,114878.6,237.9,16.54,760.6,4522.5,4228.6
2024-12-25,2,0,12,360,winter_break,1,22.2,28.2,0.0,0.02,0.02,1010,680,82,5669.3,0.5,110302.2,245.0,11.17,957.4,4228.6,3967.5
2024-12-26,3,0,12,361,winter_break,0,23.6,30.0,0.0,0.11,0,1010,680,82,5289.5,0.0,101992.3,246.9,12.67,891.8,3967.5,4333.7
2024-12-27,4,0,12,362,winter_break,0,25.2,32.4,0.0,0.0,0.29,1010,680,82,5899.7,7.2,108878.7,263.9,13.0,972.0,4333.7,4256.5
2024-12-28,5,1,12,363,winter_break,0,24.2,30.5,0.0,0.13,0,1010,680,82,5636.9,0.0,107623.3,262.9,14.06,877.2,4256.5,4455.9
2024-12-29,6,1,12,364,winter_break,0,23.0,29.8,7.8,0.32,0,1010,680,82,5827.2,0.0,119882.8,235.9,15.9,738.7,4455.9,4234.3
2024-12-30,0,0,12,365,winter_break,0,24.3,31.5,0.0,0.3,0.09,1010,680,82,5468.4,2.2,113815.9,254.4,10.94,753.3,4234.3,4127.5
2024-12-31,1,0,12,366,winter_break,0,23.9,29.9,0.0,0.29,0,1010,680,82,5387.0,0.0,102894.4,241.0,14.69,760.6,4127.5,4094.6
2025-01-01,2,0,1,1,winter_break,1,22.2,28.0,0.0,0.11,0.23,1010,680,82,5463.9,5.7,103940.0,248.8,14.74,891.8,4094.6,4444.2
2025-01-02,3,0,1,2,winter_break,0,23.2,29.2,0.0,0.17,0.28,1010,680,82,5958.3,7.0,104635.2,229.1,13.01,848.1,4444.2,4571.3
2025-01-03,4,0,1,3,winter_break,0,24.1,31.3,0.0,0.09,0.53,1010,680,82,6101.7,13.2,112822.0,227.1,13.28,906.4,4571.3,6580.6
2025-01-04,5,1,1,4,even_sem_classes,0,23.2,29.9,0.0,0.16,0,3875,3060,410,7672.9,0.0,445099.0,913.5,60.58,855.4,6580.6,6838.2
2025-01-05,6,1,1,5,even_sem_classes,0,23.6,31.0,0.0,0.21,0,3875,3060,410,7510.7,0.0,470490.4,943.6,63.26,818.9,6838.2,9402.5
2025-01-06,0,0,1,6,even_sem_classes,0,23.8,30.0,0.0,0.28,0,7557,3298,3854,9665.9,0.0,607250.4,1852.6,86.45,767.9,9402.5,9911.6
2025-01-07,1,0,1,7,even_sem_classes,0,22.1,29.2,0.0,0.3,0.18,7557,3298,3854,9860.4,6.9,611583.1,1813.3,86.47,753.3,9911.6,9948.1
2025-01-08,2,0,1,8,even_sem_classes,0,23.1,28.3,0.0,0.17,0.48,7557,3298,3854,9872.1,18.3,572305.7,1815.4,87.19,848.1,9948.1,9975.0
2025-01-09,3,0,1,9,even_sem_classes,0,22.4,28.3,0.0,0.01,0.03,7557,3298,3854,10043.3,1.1,629755.7,1814.3,89.75,964.7,9975.0,9771.0
2025-01-10,4,0,1,10,even_sem_classes,0,22.8,29.6,0.0,0.1,0,7557,3298,3854,9745.5,0.0,576686.3,1794.8,86.25,899.1,9771.0,7287.8
2025-01-11,5,1,1,11,even_sem_classes,0,23.3,28.9,5.8,0.32,0.23,3875,3060,410,7462.0,7.1,404192.7,900.7,61.13,738.7,7287.8,7179.9
2025-01-12,6,1,1,12,even_sem_classes,0,21.7,28.0,0.0,0.17,0,3875,3060,410,7938.4,0.0,462583.3,920.4,56.53,848.1,7179.9,9302.3
2025-01-13,0,0,1,13,even_sem_classes,0,23.4,28.8,0.0,0.07,0,7557,3298,3854,9682.6,0.0,617618.9,1796.3,84.67,921.0,9302.3,6903.9
2025-01-14,1,0,1,14,even_sem_classes,1,21.4,26.6,0.0,0.12,0,3500,2890,205,7224.2,0.0,438817.2,869.2,57.37,884.5,6903.9,6677.5
2025-01-15,2,0,1,15,even_sem_classes,1,21.1,28.1,0.0,0.24,0,3500,2890,205,7378.7,0.0,425828.6,837.7,57.09,797.0,6677.5,9250.9
2025-01-16,3,0,1,16,even_sem_classes,0,21.7,28.7,0.0,0.23,0,7557,3298,3854,9596.8,0.0,579467.3,1809.3,85.12,804.3,9250.9,9843.6
2025-01-17,4,0,1,17,even_sem_classes,0,21.7,29.4,0.0,0.22,0,7557,3298,3854,9897.8,0.0,560280.1,1822.6,83.03,811.6,9843.6,7429.8
2025-01-18,5,1,1,18,even_sem_classes,0,21.4,27.5,0.0,0.12,0,3875,3060,410,7722.0,0.0,490851.5,942.5,61.52,884.5,7429.8,7133.5
2025-01-19,6,1,1,19,even_sem_classes,0,23.0,29.4,0.0,0.17,0.1,3875,3060,410,7779.9,3.1,446235.9,945.3,62.96,848.1,7133.5,9685.1
2025-01-20,0,0,1,20,even_sem_classes,0,22.2,28.6,1.2,0.24,0.24,7557,3298,3854,10043.5,9.1,613457.4,1827.3,85.5,797.0,9685.1,9693.6
2025-01-21,1,0,1,21,even_sem_classes,0,22.2,29.2,0.0,0.1,0,7557,3298,3854,9689.4,0.0,591512.4,1793.1,87.23,899.1,9693.6,10075.5
2025-01-22,2,0,1,22,even_sem_classes,0,21.4,26.4,0.0,0.2,0.4,7557,3298,3854,10122.2,15.2,629806.1,1778.0,85.98,826.2,10075.5,9997.4
2025-01-23,3,0,1,23,even_sem_classes,0,21.6,29.0,0.0,0.24,0.23,7557,3298,3854,9867.5,8.8,606155.0,1829.3,83.35,797.0,9997.4,10265.5
2025-01-24,4,0,1,24,even_sem_classes,0,21.8,29.2,0.0,0.23,0.46,7557,3298,3854,10261.3,17.5,585267.8,1819.5,85.92,804.3,10265.5,7457.6
2025-01-25,5,1,1,25,even_sem_classes,0,21.0,27.8,0.0,0.06,0.33,3875,3060,410,7736.7,10.1,461638.6,915.8,60.16,928.3,7457.6,6544.3
2025-01-26,6,1,1,26,even_sem_classes,1,21.2,27.8,0.0,0.05,0.18,3500,2890,205,7178.0,5.4,409941.2,849.0,57.74,935.6,6544.3,9521.4
2025-01-27,0,0,1,27,even_sem_classes,0,20.2,26.6,0.0,0.17,0.62,7557,3298,3854,9960.6,23.6,626972.1,1811.5,84.1,848.1,9521.4,9775.4
2025-01-28,1,0,1,28,even_sem_classes,0,24.6,31.2,0.0,0.18,0,7557,3298,3854,9756.5,0.0,623515.2,1810.7,84.18,840.8,9775.4,9998.8
2025-01-29,2,0,1,29,even_sem_classes,0,20.4,26.4,0.0,0.05,0,7557,3298,3854,10127.8,0.0,590117.8,1809.5,85.64,935.6,9998.8,9880.7
2025-01-30,3,0,1,30,even_sem_classes,0,19.3,26.4,0.0,0.15,0.49,7557,3298,3854,9772.0,18.7,595183.3,1817.1,83.24,862.7,9880.7,9754.0
2025-01-31,4,0,1,31,even_sem_classes,0,21.1,26.9,0.0,0.02,0.14,7557,3298,3854,9716.1,5.3,623302.7,1825.7,87.1,957.4,9754.0,7293.7
2025-02-01,5,1,2,32,even_sem_classes,0,21.9,28.1,0.0,0.0,0.32,3875,3060,410,7619.2,9.8,485348.2,940.5,58.1,972.0,7293.7,6901.5
2025-02-02,6,1,2,33,even_sem_classes,0,21.4,28.0,0.0,0.17,0,3875,3060,410,7538.6,0.0,466587.0,906.1,61.32,848.1,6901.5,9545.9
2025-02-03,0,0,2,34,even_sem_classes,0,21.5,28.8,0.0,0.19,0.02,7557,3298,3854,9990.2,0.8,605584.8,1807.4,85.06,833.5,9545.9,9953.4
2025-02-04,1,0,2,35,even_sem_classes,0,23.3,27.6,0.0,0.23,0.47,7557,3298,3854,9916.1,17.9,648873.3,1800.7,83.81,804.3,9953.4,9746.6
2025-02-05,2,0,2,36,even_sem_classes,0,21.2,27.4,0.0,0.22,0,7557,3298,3854,9615.0,0.0,606565.7,1796.0,85.81,811.6,9746.6,10061.8
2025-02-06,3,0,2,37,even_sem_classes,0,22.5,27.7,0.0,0.06,0.47,7557,3298,3854,10136.1,17.9,620849.6,1808.2,88.69,928.3,10061.8,9936.0
2025-02-07,4,0,2,38,even_sem_classes,0,22.4,28.0,0.0,0.17,0,7557,3298,3854,9887.6,0.0,584244.7,1811.9,85.63,848.1,9936.0,7421.2
2025-02-08,5,1,2,39,even_sem_classes,0,22.8,28.5,0.0,0.2,0,3875,3060,410,7667.2,0.0,466732.0,922.5,62.25,826.2,7421.2,7132.8
2025-02-09,6,1,2,40,even_sem_classes,0,22.8,30.1,0.0,0.26,0.23,3875,3060,410,7731.1,7.1,423323.3,934.1,61.95,782.5,7132.8,9678.8
2025-02-10,0,0,2,41,even_sem_classes,0,21.1,28.7,0.0,0.11,0.36,7557,3298,3854,10133.0,13.7,632005.3,1815.8,82.6,891.8,9678.8,10187.0
2025-02-11,1,0,2,42,even_sem_classes,0,23.9,30.1,0.0,0.26,0.33,7557,3298,3854,10164.5,12.6,676979.4,1823.2,86.59,782.5,10187.0,10177.4
2025-02-12,2,0,2,43,even_sem_classes,0,21.0,27.9,0.0,0.04,0,7557,3298,3854,10297.7,0.0,579986.1,1823.4,82.84,942.8,10177.4,9757.3
2025-02-13,3,0,2,44,even_sem_classes,0,20.6,27.2,0.0,0.04,0,7557,3298,3854,9706.0,0.0,580675.2,1813.2,84.23,942.8,9757.3,9760.4
2025-02-14,4,0,2,45,even_sem_classes,0,21.9,28.8,0.0,0.08,0,7557,3298,3854,9741.7,0.0,618157.1,1828.6,82.13,913.7,9760.4,7117.2
2025-02-15,5,1,2,46,even_sem_classes,0,20.8,28.3,0.0,0.05,0.39,3875,3060,410,7371.1,12.0,424002.4,918.3,60.09,935.6,7117.2,6872.8
2025-02-16,6,1,2,47,even_sem_classes,0,20.1,27.4,0.0,0.24,0,3875,3060,410,7432.5,0.0,489292.3,936.4,61.23,797.0,6872.8,9502.4
2025-02-17,0,0,2,48,even_sem_classes,0,22.7,29.5,0.0,0.12,0.11,7557,3298,3854,9974.7,4.2,620114.2,1802.7,84.92,884.5,9502.4,9940.2
2025-02-18,1,0,2,49,even_sem_classes,0,19.3,24.5,0.0,0.21,0.01,7557,3298,3854,9974.3,0.4,619150.1,1811.2,84.35,818.9,9940.2,9988.3
2025-02-19,2,0,2,50,even_sem_classes,0,22.0,28.9,0.0,0.08,0.18,7557,3298,3854,10002.1,6.9,623268.3,1821.0,85.76,913.7,9988.3,9922.2
2025-02-20,3,0,2,51,even_sem_classes,0,22.0,28.2,0.0,0.25,0,7557,3298,3854,9807.1,0.0,625354.1,1814.6,84.77,789.8,9922.2,9943.4
2025-02-21,4,0,2,52,even_sem_classes,0,22.2,28.1,0.0,0.2,0.15,7557,3298,3854,9837.1,5.7,629914.6,1837.6,84.29,826.2,9943.4,7411.9
2025-02-22,5,1,2,53,even_sem_classes,0,20.9,27.4,0.0,0.05,0.39,3875,3060,410,7719.8,12.0,438847.6,939.5,59.69,935.6,7411.9,6842.0
2025-02-23,6,1,2,54,even_sem_classes,0,22.0,29.0,0.0,0.1,0,3875,3060,410,7480.9,0.0,422914.2,921.1,60.08,899.1,6842.0,9534.4
2025-02-24,0,0,2,55,even_sem_classes,0,22.7,30.2,0.0,0.22,0.36,7557,3298,3854,9893.1,13.7,668266.0,1811.3,84.25,811.6,9534.4,9800.5
2025-02-25,1,0,2,56,even_sem_classes,0,21.4,28.6,2.0,0.02,0.2,7557,3298,3854,9792.0,7.6,694588.6,1848.6,85.8,957.4,9800.5,9768.6
2025-02-26,2,0,2,57,even_sem_classes,0,20.2,26.8,0.0,0.08,0.27,7557,3298,3854,9738.9,10.3,584723.2,1809.1,85.76,913.7,9768.6,10056.1
2025-02-27,3,0,2,58,even_sem_classes,0,21.6,27.1,0.0,0.11,0.17,7557,3298,3854,10115.0,6.5,644984.5,1810.7,87.35,891.8,10056.1,9936.7
2025-02-28,4,0,2,59,even_sem_classes,0,19.6,24.8,0.0,0.11,0,7557,3298,3854,9909.5,0.0,666092.2,1802.9,86.12,891.8,9936.7,7297.0
2025-03-01,5,1,3,60,even_sem_classes,0,22.7,29.2,0.0,0.14,0.05,3875,3060,410,7515.0,1.5,429932.5,947.1,60.62,869.9,7297.0,7041.2
2025-03-02,6,1,3,61,even_sem_classes,0,23.1,28.9,0.0,0.27,0,3875,3060,410,7649.7,0.0,432414.1,935.0,58.49,775.2,7041.2,9329.3
2025-03-03,0,0,3,62,even_sem_classes,0,22.0,28.6,0.0,0.08,0,7557,3298,3854,9692.9,0.0,659731.7,1820.3,84.54,913.7,9329.3,10075.8
2025-03-04,1,0,3,63,even_sem_classes,0,22.7,30.4,0.0,0.26,0.1,7557,3298,3854,10155.4,3.8,601835.1,1814.2,86.08,782.5,10075.8,9999.5
2025-03-05,2,0,3,64,even_sem_classes,0,21.4,29.6,0.0,0.27,0.3,7557,3298,3854,9821.0,11.4,661031.7,1815.4,87.53,775.2,9999.5,10042.8
2025-03-06,3,0,3,65,even_sem_classes,0,21.3,28.3,0.0,0.13,0,7557,3298,3854,10071.4,0.0,668628.8,1789.6,87.63,877.2,10042.8,9847.7
2025-03-07,4,0,3,66,even_sem_classes,0,20.8,26.9,0.0,0.08,0,7557,3298,3854,9818.7,0.0,578688.8,1820.9,86.1,913.7,9847.7,7383.0
2025-03-08,5,1,3,67,even_sem_classes,0,22.8,29.5,0.0,0.17,0.44,3875,3060,410,7657.2,13.5,446238.9,909.6,56.41,848.1,7383.0,7139.6
2025-03-09,6,1,3,68,even_sem_classes,0,21.5,27.1,0.0,0.05,0,3875,3060,410,7919.5,0.0,448425.0,934.6,60.43,935.6,7139.6,9421.7
2025-03-10,0,0,3,69,even_sem_classes,0,23.1,29.3,0.0,0.13,0.53,7557,3298,3854,9731.9,20.2,620903.4,1815.4,82.68,877.2,9421.7,9899.0
2025-03-11,1,0,3,70,even_sem_classes,0,22.2,29.4,0.0,0.14,0.09,7557,3298,3854,9966.7,3.4,626774.7,1810.6,85.64,869.9,9899.0,10066.1
2025-03-12,2,0,3,71,even_sem_classes,0,21.9,26.2,0.0,0.22,0.18,7557,3298,3854,10032.9,6.9,637621.8,1808.9,85.3,811.6,10066.1,9949.4
2025-03-13,3,0,3,72,even_sem_classes,0,20.2,26.9,0.0,0.09,0,7557,3298,3854,9935.4,0.0,629521.0,1814.7,87.15,906.4,9949.4,9816.8
2025-03-14,4,0,3,73,even_sem_classes,0,23.2,29.9,0.0,0.31,0,7557,3298,3854,9662.5,0.0,579171.9,1799.8,84.39,746.0,9816.8,7508.2
2025-03-15,5,1,3,74,even_sem_classes,0,22.6,29.3,1.6,0.37,0.22,3875,3060,410,7674.0,6.7,482722.6,922.1,59.93,702.3,7508.2,7204.6
2025-03-16,6,1,3,75,even_sem_classes,0,23.8,31.4,0.0,0.21,0,3875,3060,410,7835.4,0.0,492694.1,944.2,60.81,818.9,7204.6,9246.4
2025-03-17,0,0,3,76,even_sem_classes,0,23.9,30.3,0.0,0.14,0.25,7557,3298,3854,9500.9,9.5,594327.9,1804.4,88.21,869.9,9246.4,10049.2
2025-03-18,1,0,3,77,even_sem_classes,0,21.7,27.5,0.0,0.18,0.4,7557,3298,3854,10113.6,15.2,664284.9,1824.6,86.47,840.8,10049.2,9806.4
2025-03-19,2,0,3,78,even_sem_classes,0,23.9,30.0,0.0,0.09,0.03,7557,3298,3854,9700.1,1.1,617196.3,1840.4,86.99,906.4,9806.4,10270.3
2025-03-20,3,0,3,79,even_sem_classes,0,22.9,27.6,0.0,0.25,0,7557,3298,3854,10360.1,0.0,617604.3,1805.3,85.29,789.8,10270.3,9946.8
2025-03-21,4,0,3,80,even_sem_classes,0,23.6,30.0,0.0,0.16,0.04,7557,3298,3854,9867.7,1.5,556518.3,1812.4,86.78,855.4,9946.8,7255.5
2025-03-22,5,1,3,81,even_sem_classes,0,21.8,28.5,0.0,0.21,0.14,3875,3060,410,7432.1,4.3,443451.6,909.9,62.62,818.9,7255.5,6935.4
2025-03-23,6,1,3,82,even_sem_classes,0,22.6,28.6,0.0,0.26,0,3875,3060,410,7475.6,0.0,474259.7,944.1,60.71,782.5,6935.4,9759.0
2025-03-24,0,0,3,83,even_sem_classes,0,22.5,29.0,0.0,0.16,0.13,7557,3298,3854,10241.0,5.0,618287.0,1838.1,87.07,855.4,9759.0,9917.5
2025-03-25,1,0,3,84,even_sem_classes,0,22.6,29.1,0.0,0.08,0.36,7557,3298,3854,9922.4,13.7,621624.8,1815.3,86.72,913.7,9917.5,10048.1
2025-03-26,2,0,3,85,even_sem_classes,0,23.6,30.4,0.0,0.27,0.15,7557,3298,3854,9950.4,5.7,620958.2,1822.5,87.58,775.2,10048.1,10119.0
2025-03-27,3,0,3,86,even_sem_classes,0,21.9,27.8,0.0,0.26,0.65,7557,3298,3854,9992.7,24.8,620195.7,1812.0,85.14,782.5,10119.0,10055.2
2025-03-28,4,0,3,87,even_sem_classes,0,22.1,28.7,0.0,0.1,0.0,7557,3298,3854,10089.1,0.0,631343.3,1793.1,89.63,899.1,10055.2,7438.6
2025-03-29,5,1,3,88,even_sem_classes,0,22.1,30.2,0.0,0.15,0.23,3875,3060,410,7677.4,7.1,497431.3,917.8,61.12,862.7,7438.6,7103.2
2025-03-30,6,1,3,89,even_sem_classes,0,24.2,30.0,0.0,0.25,0.08,3875,3060,410,7725.0,2.5,449844.7,923.5,58.02,789.8,7103.2,9383.1
2025-03-31,0,0,3,90,even_sem_classes,0,22.9,29.2,0.0,0.18,0.49,7557,3298,3854,9627.8,18.7,677620.3,1807.5,85.94,840.8,9383.1,9845.4
2025-04-01,1,0,4,91,even_sem_classes,0,23.8,29.2,0.0,0.18,0,7557,3298,3854,9915.9,0.0,592369.6,1799.5,84.11,840.8,9845.4,9850.4
2025-04-02,2,0,4,92,even_sem_classes,0,23.5,29.6,0.0,0.24,0.27,7557,3298,3854,9684.6,10.3,611257.7,1828.8,87.53,797.0,9850.4,9894.4
2025-04-03,3,0,4,93,even_sem_classes,0,22.8,29.9,0.0,0.17,0.55,7557,3298,3854,9768.4,21.0,592633.5,1843.2,82.62,848.1,9894.4,10132.9
2025-04-04,4,0,4,94,even_sem_classes,0,22.5,28.3,0.0,0.24,0.63,7557,3298,3854,10055.9,24.0,590579.4,1829.6,83.75,797.0,10132.9,7333.2
2025-04-05,5,1,4,95,even_sem_classes,0,24.0,29.7,0.0,0.2,0.44,3875,3060,410,7447.4,13.5,450257.3,936.4,60.82,826.2,7333.2,7080.7
2025-04-06,6,1,4,96,even_sem_classes,0,25.3,31.6,0.0,0.18,0,3875,3060,410,7791.5,0.0,472748.6,896.6,61.07,840.8,7080.7,9662.4
2025-04-07,0,0,4,97,even_sem_classes,0,24.1,31.1,0.0,0.17,0.23,7557,3298,3854,10114.4,8.8,633507.1,1792.8,85.43,848.1,9662.4,9772.9
2025-04-08,1,0,4,98,even_sem_classes,0,25.6,35.0,0.0,0.15,0.31,7557,3298,3854,9683.2,11.8,640734.9,1814.4,86.94,862.7,9772.9,9813.0
2025-04-09,2,0,4,99,even_sem_classes,0,22.3,28.1,0.0,0.21,0.16,7557,3298,3854,9729.8,6.1,562974.5,1811.7,86.68,818.9,9813.0,10059.6
2025-04-10,3,0,4,100,even_sem_classes,0,25.0,31.7,0.0,0.31,0,7557,3298,3854,10042.4,0.0,617191.3,1789.7,83.21,746.0,10059.6,9987.4
2025-04-11,4,0,4,101,even_sem_classes,0,24.7,31.0,0.0,0.21,0.28,7557,3298,3854,9894.3,10.7,577453.4,1819.6,84.4,818.9,9987.4,7532.1
2025-04-12,5,1,4,102,even_sem_classes,0,25.3,33.1,6.1,0.37,0,3875,3060,410,7694.2,0.0,481274.4,924.0,59.2,702.3,7532.1,7274.5
2025-04-13,6,1,4,103,even_sem_classes,0,24.6,30.1,0.0,0.32,0.43,3875,3060,410,7827.5,13.2,454718.1,942.8,60.21,738.7,7274.5,9691.3
2025-04-14,0,0,4,104,even_sem_classes,0,23.4,29.1,0.0,0.34,0,7557,3298,3854,9997.9,0.0,644175.2,1804.2,85.58,724.1,9691.3,10299.9
2025-04-15,1,0,4,105,even_sem_classes,0,25.6,32.8,0.0,0.18,0.27,7557,3298,3854,10389.0,10.3,638609.2,1836.1,86.24,840.8,10299.9,10114.6
2025-04-16,2,0,4,106,even_sem_classes,0,23.9,30.5,0.0,0.23,0.29,7557,3298,3854,9970.1,11.1,659708.6,1818.3,86.01,804.3,10114.6,10139.3
2025-04-17,3,0,4,107,even_sem_classes,0,24.0,30.5,0.0,0.1,0.44,7557,3298,3854,10145.1,16.8,639271.2,1808.1,85.86,899.1,10139.3,10261.2
2025-04-18,4,0,4,108,even_sem_classes,0,26.9,33.0,0.0,0.18,0.66,7557,3298,3854,10293.6,25.2,581061.9,1785.5,83.63,840.8,10261.2,7465.6
2025-04-19,5,1,4,109,even_sem_classes,0,23.8,29.8,0.0,0.15,0.39,3875,3060,410,7678.3,12.0,467522.0,908.0,62.21,862.7,7465.6,6724.1
2025-04-20,6,1,4,110,even_sem_exam,0,22.6,28.8,0.0,0.02,0.45,3875,3060,410,7278.0,13.8,442041.5,942.1,59.47,957.4,6724.1,8664.0
2025-04-21,0,0,4,111,even_sem_exam,0,24.6,29.9,0.0,0.01,0,6915,3230,3280,9096.6,0.0,604969.6,1679.3,79.62,964.7,8664.0,8974.8
2025-04-22,1,0,4,112,even_sem_exam,0,22.9,29.8,0.0,0.06,0.22,6915,3230,3280,9087.6,8.1,577975.1,1667.8,80.18,928.3,8974.8,9038.0
2025-04-23,2,0,4,113,even_sem_exam,0,24.6,30.7,0.0,0.1,0,6915,3230,3280,9073.5,0.0,618634.6,1678.6,80.96,899.1,9038.0,9015.1
2025-04-24,3,0,4,114,even_sem_exam,0,25.8,32.3,0.0,0.16,0.08,6915,3230,3280,9035.1,2.9,592002.6,1642.9,80.99,855.4,9015.1,9339.6
2025-04-25,4,0,4,115,even_sem_exam,0,27.0,34.0,0.0,0.03,0.69,6915,3230,3280,9505.5,25.4,562069.8,1667.0,81.1,950.1,9339.6,7190.4
2025-04-26,5,1,4,116,even_sem_exam,0,26.4,32.6,0.0,0.11,0.36,3875,3060,410,7484.1,11.0,455830.8,937.8,60.35,891.8,7190.4,6990.7
2025-04-27,6,1,4,117,even_sem_exam,0,26.6,31.7,0.0,0.2,0.37,3875,3060,410,7595.0,11.3,488394.6,925.3,60.98,826.2,6990.7,9092.8
2025-04-28,0,0,4,118,even_sem_exam,0,25.9,31.2,0.0,0.11,0.51,6915,3230,3280,9531.8,18.8,594646.3,1664.5,83.32,891.8,9092.8,9132.9
2025-04-29,1,0,4,119,even_sem_exam,0,26.9,32.2,0.0,0.11,0,6915,3230,3280,9208.6,0.0,601165.0,1661.0,81.1,891.8,9132.9,9354.2
2025-04-30,2,0,4,120,even_sem_exam,0,26.2,31.4,0.0,0.1,0.51,6915,3230,3280,9446.4,18.8,601858.4,1673.2,80.96,899.1,9354.2,7180.5
2025-05-01,3,0,5,121,even_sem_exam,1,26.6,34.3,0.0,0.28,0,3500,2890,205,7531.6,0.0,418595.3,847.7,57.49,767.9,7180.5,8676.2
2025-05-02,4,0,5,122,even_sem_exam,0,26.9,33.9,0.0,0.18,0.54,6915,3230,3280,8852.1,19.9,567302.0,1667.1,81.77,840.8,8676.2,7101.2
2025-05-03,5,1,5,123,even_sem_exam,0,25.8,32.7,0.0,0.11,0.62,3875,3060,410,7474.9,19.0,463156.8,938.6,58.61,891.8,7101.2,6977.8
2025-05-04,6,1,5,124,even_sem_exam,0,26.1,32.8,0.0,0.11,0.73,3875,3060,410,7698.4,22.4,459843.1,885.4,59.57,891.8,6977.8,8787.8
2025-05-05,0,0,5,125,even_sem_exam,0,26.9,33.0,0.0,0.0,0,6915,3230,3280,9245.0,0.0,543661.4,1682.3,80.65,972.0,8787.8,8969.9
2025-05-06,1,0,5,126,even_sem_exam,0,25.8,33.3,0.0,0.07,0.88,6915,3230,3280,8997.6,32.4,588187.0,1644.2,79.8,921.0,8969.9,9055.8
2025-05-07,2,0,5,127,even_sem_exam,0,25.5,32.8,0.0,0.0,0,6915,3230,3280,9184.8,0.0,625487.1,1669.9,80.27,972.0,9055.8,9278.7
2025-05-08,3,0,5,128,even_sem_exam,0,26.6,31.8,0.0,0.24,0.46,6915,3230,3280,9274.7,16.9,601293.4,1660.8,81.45,797.0,9278.7,9379.7
2025-05-09,4,0,5,129,even_sem_exam,0,28.2,34.2,0.0,0.14,0.08,6915,3230,3280,9487.5,2.9,626602.9,1660.8,79.23,869.9,9379.7,7560.4
2025-05-10,5,1,5,130,even_sem_exam,0,28.6,34.9,0.0,0.34,0.44,3875,3060,410,7879.4,13.5,475952.8,898.3,59.8,724.1,7560.4,6940.7
2025-05-11,6,1,5,131,even_sem_exam,0,26.7,32.6,0.0,0.12,0,3875,3060,410,7541.5,0.0,474736.4,928.5,60.66,884.5,6940.7,8981.3
2025-05-12,0,0,5,132,even_sem_exam,0,27.5,33.8,0.0,0.11,0.23,6915,3230,3280,9469.0,8.5,597535.6,1636.0,79.49,891.8,8981.3,9326.4
2025-05-13,1,0,5,133,even_sem_exam,0,28.0,34.3,0.0,0.14,0.09,6915,3230,3280,9484.9,3.3,563637.7,1664.7,82.07,869.9,9326.4,9732.6
2025-05-14,2,0,5,134,even_sem_exam,0,27.1,34.5,0.0,0.13,0.87,6915,3230,3280,9900.6,32.0,623034.1,1652.3,81.59,877.2,9732.6,9279.7
2025-05-15,3,0,5,135,even_sem_exam,0,26.3,33.1,0.0,0.16,0,6915,3230,3280,9279.5,0.0,579589.2,1638.0,83.05,855.4,9279.7,10327.9
2025-05-16,4,0,5,136,even_sem_classes,0,27.7,32.4,0.0,0.24,0.75,7557,3298,3854,10461.0,28.6,649113.5,1799.7,86.2,797.0,10327.9,7755.0
2025-05-17,5,1,5,137,even_sem_classes,0,27.4,33.7,0.0,0.09,0.38,3875,3060,410,8134.4,11.6,464416.3,905.9,60.59,906.4,7755.0,7007.8
2025-05-18,6,1,5,138,even_sem_classes,0,25.3,31.9,0.0,0.24,0.3,3875,3060,410,7502.6,9.2,463139.6,916.9,59.79,797.0,7007.8,10088.0
2025-05-19,0,0,5,139,even_sem_classes,0,30.3,37.3,0.0,0.09,0.67,7557,3298,3854,10693.7,25.5,624031.5,1834.2,84.54,906.4,10088.0,10440.5
2025-05-20,1,0,5,140,even_sem_classes,0,26.7,33.2,0.0,0.1,0,7557,3298,3854,10648.5,0.0,592495.5,1813.9,86.18,899.1,10440.5,10467.7
2025-05-21,2,0,5,141,even_sem_classes,0,28.7,34.2,0.0,0.1,0,7557,3298,3854,10600.0,0.0,648644.2,1808.9,84.74,899.1,10467.7,10124.7
2025-05-22,3,0,5,142,even_sem_classes,0,26.1,31.4,0.0,0.32,0.39,7557,3298,3854,9938.0,14.9,560814.7,1797.7,86.98,738.7,10124.7,10528.0
2025-05-23,4,0,5,143,even_sem_classes,0,29.4,35.3,0.0,0.0,0.61,7557,3298,3854,10715.4,23.3,640910.6,1835.2,85.34,972.0,10528.0,8083.4
2025-05-24,5,1,5,144,even_sem_classes,0,27.7,34.7,0.0,0.27,0.01,3875,3060,410,8430.2,0.3,478341.0,932.3,59.24,775.2,8083.4,7981.5
2025-05-25,6,1,5,145,even_sem_classes,0,29.7,37.2,0.0,0.08,0.9,3875,3060,410,8858.5,27.6,457519.4,935.7,60.61,913.7,7981.5,9939.3
2025-05-26,0,0,5,146,even_sem_classes,0,28.2,33.8,0.0,0.14,0.17,7557,3298,3854,10302.5,6.5,648830.6,1816.7,86.69,869.9,9939.3,10719.3
2025-05-27,1,0,5,147,even_sem_classes,0,29.9,36.1,0.0,0.16,0.45,7557,3298,3854,10943.5,17.2,662143.2,1811.8,89.02,855.4,10719.3,10432.2
2025-05-28,2,0,5,148,even_sem_classes,0,27.5,34.6,0.0,0.19,0.22,7557,3298,3854,10385.9,8.4,643686.2,1811.4,87.14,833.5,10432.2,10426.9
2025-05-29,3,0,5,149,even_sem_classes,0,27.9,33.9,0.0,0.18,0.41,7557,3298,3854,10501.5,15.6,611132.7,1775.1,83.58,840.8,10426.9,10271.1
2025-05-30,4,0,5,150,even_sem_classes,0,30.1,37.2,0,0.0,0.8,7557,3298,3854,10311.2,30.5,587355.7,1816.0,84.48,972.0,10271.1,7908.7
2025-05-31,5,1,5,151,even_sem_classes,0,29.6,38.5,0.0,0.0,1.16,3875,3060,410,8322.4,35.6,455259.6,933.6,59.77,972.0,7908.7,5143.6
2025-06-01,6,1,6,152,summer_break,0,30.0,37.2,0.0,0.22,0.65,880,510,123,6090.4,16.0,90631.4,226.8,11.25,811.6,5143.6,4602.3
2025-06-02,0,0,6,153,summer_break,0,28.7,34.7,0.0,0.0,0.03,880,510,123,6138.3,0.7,82413.9,213.6,12.1,972.0,4602.3,5262.3
2025-06-03,1,0,6,154,summer_break,0,32.4,40.3,5.7,0.27,0.82,880,510,123,6962.3,20.2,112371.5,191.9,11.13,775.2,5262.3,4703.1
2025-06-04,2,0,6,155,summer_break,0,28.3,35.4,0,0.25,1.15,880,510,123,6026.1,28.3,92717.2,185.7,10.3,789.8,4703.1,4651.3
2025-06-05,3,0,6,156,summer_break,0,28.7,35.4,0.0,0.2,0,880,510,123,6167.4,0.0,84572.2,211.0,10.8,826.2,4651.3,4893.8
2025-06-06,4,0,6,157,summer_break,0,28.8,34.9,0.0,0.04,0.51,880,510,123,6579.4,12.5,91625.9,225.9,10.49,942.8,4893.8,5177.9
2025-06-07,5,1,6,158,summer_break,0,30.6,37.1,1.0,0.03,0.94,880,510,123,6902.7,23.1,95282.0,232.1,8.96,950.1,5177.9,5151.1
2025-06-08,6,1,6,159,summer_break,0,30.1,37.2,0.0,0.19,0.66,880,510,123,6738.7,16.2,90887.4,210.2,9.78,833.5,5151.1,4776.5
2025-06-09,0,0,6,160,summer_break,0,29.2,34.2,0.0,0.16,0,880,510,123,6296.9,0.0,83521.2,206.2,8.03,855.4,4776.5,4864.4
2025-06-10,1,0,6,161,summer_break,0,28.9,36.2,0.0,0.26,0,880,510,123,6403.7,0.0,88966.0,216.7,10.77,782.5,4864.4,5206.0
2025-06-11,2,0,6,162,summer_break,0,30.0,34.7,0.0,0.22,0.54,880,510,123,6875.4,13.3,78257.4,210.4,10.39,811.6,5206.0,5051.5
2025-06-12,3,0,6,163,summer_break,0,31.5,38.4,0.0,0.24,0.72,880,510,123,6543.2,17.7,91754.0,216.4,8.69,797.0,5051.5,5103.3
2025-06-13,4,0,6,164,summer_break,0,29.7,35.9,0.0,0.04,0.27,880,510,123,6825.1,6.6,95040.1,220.4,8.92,942.8,5103.3,4681.8
2025-06-14,5,1,6,165,summer_break,0,29.0,35.8,3.6,0.09,0.23,880,510,123,6115.7,5.7,82059.3,253.8,14.06,906.4,4681.8,5207.6
2025-06-15,6,1,6,166,summer_break,0,33.2,39.4,0.0,0.04,0.28,880,510,123,7019.9,6.9,105431.7,240.8,9.02,942.8,5207.6,5280.2
2025-06-16,0,0,6,167,summer_break,0,32.4,39.2,0.0,0.31,0.72,880,510,123,6824.4,17.7,119679.7,204.1,8.94,746.0,5280.2,5128.2
2025-06-17,1,0,6,168,summer_break,0,30.8,38.5,0.0,0.14,1.13,880,510,123,6645.6,27.8,83430.6,230.5,12.95,869.9,5128.2,4978.3
2025-06-18,2,0,6,169,summer_break,0,30.7,36.4,0.0,0.23,0.28,880,510,123,6509.9,6.9,89532.1,199.4,12.13,804.3,4978.3,4995.8
2025-06-19,3,0,6,170,summer_break,0,32.2,37.5,0.0,0.06,0.67,880,510,123,6628.7,16.5,118883.2,218.2,10.01,928.3,4995.8,4948.4
2025-06-20,4,0,6,171,summer_break,0,30.1,37.0,0.0,0.21,0.35,880,510,123,6530.0,8.6,85986.9,191.8,8.48,818.9,4948.4,4608.4
2025-06-21,5,1,6,172,summer_break,0,28.1,35.8,0.0,0.35,0.72,880,510,123,5848.7,17.7,96509.7,234.2,10.64,716.9,4608.4,5042.8
2025-06-22,6,1,6,173,summer_break,0,31.5,39.1,0.0,0.13,1.16,880,510,123,6704.3,28.5,85902.1,213.4,10.53,877.2,5042.8,5296.5
2025-06-23,0,0,6,174,summer_break,0,32.5,38.2,0.0,0.0,0.42,880,510,123,7145.8,10.3,119651.6,190.1,10.95,972.0,5296.5,4930.5
2025-06-24,1,0,6,175,summer_break,0,29.1,35.3,0.0,0.08,0.25,880,510,123,6497.1,6.1,91212.3,219.8,9.55,913.7,4930.5,5228.4
2025-06-25,2,0,6,176,summer_break,0,30.2,37.8,0.0,0.17,0.68,880,510,123,6934.1,16.7,87597.4,202.1,8.28,848.1,5228.4,5447.0
2025-06-26,3,0,6,177,summer_break,0,31.6,37.2,10.5,0.61,1.01,880,510,123,6816.6,24.8,84177.4,212.4,10.15,527.3,5447.0,4781.3
2025-06-27,4,0,6,178,summer_break,0,30.3,36.4,0.0,0.03,0.38,880,510,123,6288.9,9.3,83356.8,213.1,9.68,950.1,4781.3,5228.6
2025-06-28,5,1,6,179,summer_break,0,31.7,36.1,0.0,0.21,0.72,880,510,123,6911.0,17.7,91839.3,213.6,9.7,818.9,5228.6,5558.2
2025-06-29,6,1,6,180,summer_break,0,32.2,39.1,0.0,0.0,0.53,880,510,123,7464.5,13.0,120813.1,197.0,10.37,972.0,5558.2,5322.0
2025-06-30,0,0,6,181,summer_break,0,30.7,36.9,0.0,0.23,0.35,880,510,123,6898.0,8.6,85099.7,215.7,8.27,804.3,5322.0,4867.2
2025-07-01,1,0,7,182,summer_break,0,30.5,37.3,0.0,0.0,0.36,880,510,123,6454.0,8.9,91166.7,212.9,11.09,972.0,4867.2,5388.6
2025-07-02,2,0,7,183,summer_break,0,32.3,38.2,0.0,0.09,1.02,880,510,123,7166.8,25.1,115133.6,214.2,11.81,906.4,5388.6,5410.8
2025-07-03,3,0,7,184,summer_break,0,33.0,40.3,7.9,0.45,0.73,880,510,123,6853.7,17.9,121126.4,216.9,8.37,644.0,5410.8,5338.0
2025-07-04,4,0,7,185,summer_break,0,32.8,39.0,0.0,0.14,0.94,880,510,123,6941.3,23.1,119232.3,224.7,8.9,869.9,5338.0,5358.9
2025-07-05,5,1,7,186,summer_break,0,30.4,36.3,4.9,0.38,0.06,880,510,123,6898.5,1.5,87799.9,218.0,10.79,695.0,5358.9,5478.7
2025-07-06,6,1,7,187,summer_break,0,33.3,40.4,5.1,0.2,0.36,880,510,123,7175.8,8.9,120085.9,203.3,11.88,826.2,5478.7,5370.3
2025-07-07,0,0,7,188,summer_break,0,32.3,39.6,7.1,0.38,0.4,880,510,123,6853.1,9.8,112268.1,218.7,8.86,695.0,5370.3,5070.6
2025-07-08,1,0,7,189,summer_break,0,30.6,36.9,0.0,0.02,0,880,510,123,6739.4,0.0,85234.7,225.3,9.94,957.4,5070.6,5145.0
2025-07-09,2,0,7,190,summer_break,0,31.4,38.9,0.0,0.02,0.4,880,510,123,6894.9,9.8,82836.9,212.6,10.58,957.4,5145.0,5355.1
2025-07-10,3,0,7,191,summer_break,0,31.8,38.3,2.3,0.32,0.94,880,510,123,6921.5,23.1,93563.7,207.4,10.44,738.7,5355.1,5252.4
2025-07-11,4,0,7,192,summer_break,0,34.0,40.4,0.0,0.09,0.59,880,510,123,6877.3,14.5,116236.9,226.8,13.32,906.4,5252.4,5106.1
2025-07-12,5,1,7,193,summer_break,0,31.7,38.5,0.0,0.07,0.77,880,510,123,6718.8,18.9,86117.6,217.2,12.56,921.0,5106.1,5106.7
2025-07-13,6,1,7,194,summer_break,0,33.5,40.4,7.0,0.32,0.1,880,510,123,6605.1,2.5,117773.5,226.5,10.06,738.7,5106.7,5151.5
2025-07-14,0,0,7,195,summer_break,0,30.9,37.3,0.0,0.0,0.38,880,510,123,6935.3,9.3,82498.0,194.0,11.59,972.0,5151.5,5400.4
2025-07-15,1,0,7,196,summer_break,0,34.2,40.0,0.0,0.1,0.0,880,510,123,7167.3,0.0,126838.7,237.8,9.58,899.1,5400.4,5141.8
2025-07-16,2,0,7,197,summer_break,0,33.7,39.6,0.0,0.0,0,880,510,123,6874.0,0.0,106457.5,200.6,10.27,972.0,5141.8,5435.5
2025-07-17,3,0,7,198,summer_break,0,34.7,41.9,0.0,0.25,0.39,880,510,123,7072.5,9.6,121139.9,236.4,12.6,789.8,5435.5,5334.3
2025-07-18,4,0,7,199,summer_break,0,32.9,40.3,0.0,0.21,0.65,880,510,123,6924.5,16.0,121144.4,209.7,8.49,818.9,5334.3,5399.2
2025-07-19,5,1,7,200,summer_break,0,33.1,40.3,0.0,0.03,0.04,880,510,123,7234.0,1.0,118680.6,198.4,9.26,950.1,5399.2,5291.3
2025-07-20,6,1,7,201,summer_break,0,32.0,39.4,0.0,0.14,0.5,880,510,123,6944.1,12.3,85068.6,207.0,10.98,869.9,5291.3,5191.6
2025-07-21,0,0,7,202,summer_break,0,32.5,39.0,0.0,0.18,0.61,880,510,123,6780.1,15.0,117506.8,205.3,9.53,840.8,5191.6,5431.2
2025-07-22,1,0,7,203,summer_break,0,32.3,39.2,0.0,0.23,0.98,880,510,123,7062.1,24.1,121212.3,215.9,9.67,804.3,5431.2,5295.4
2025-07-23,2,0,7,204,summer_break,0,32.4,39.5,0.0,0.2,0.33,880,510,123,6916.6,8.1,118798.1,191.7,11.95,826.2,5295.4,5263.8
2025-07-24,3,0,7,205,summer_break,0,33.6,39.9,0.0,0.0,0.54,880,510,123,7044.4,13.3,123336.2,185.6,9.59,972.0,5263.8,5590.5
2025-07-25,4,0,7,206,summer_break,0,32.9,38.7,0.0,0.24,0.24,880,510,123,7341.2,5.9,112025.1,205.7,10.89,797.0,5590.5,5664.9
2025-07-26,5,1,7,207,summer_break,0,33.4,40.0,0,0.15,0.52,880,510,123,7368.4,12.8,108456.2,245.6,10.3,862.7,5664.9,5405.6
2025-07-27,6,1,7,208,summer_break,0,32.0,38.3,0.0,0.26,0.48,880,510,123,6961.7,11.8,83561.1,210.4,10.74,782.5,5405.6,5345.8
2025-07-28,0,0,7,209,summer_break,0,31.1,38.2,0.0,0.15,0.63,880,510,123,7031.2,15.5,89325.0,189.5,9.48,862.7,5345.8,5451.6
2025-07-29,1,0,7,210,summer_break,0,33.3,40.8,0.0,0.14,0.5,880,510,123,7139.9,12.3,134589.1,222.1,11.85,869.9,5451.6,5293.5
2025-07-30,2,0,7,211,summer_break,0,32.8,39.0,6.6,0.24,0.62,880,510,123,6844.4,15.2,114077.1,202.4,11.9,797.0,5293.5,5090.4
2025-07-31,3,0,7,212,summer_break,0,31.7,38.2,0.0,0.14,0.72,880,510,123,6655.9,17.7,90480.8,209.2,10.85,869.9,5090.4,10433.8
2025-08-01,4,0,8,213,odd_sem_classes,0,33.7,40.3,0.0,0.18,0.81,7557,3298,3854,11427.3,30.9,819624.7,1828.2,89.14,840.8,10433.8,8562.0
2025-08-02,5,1,8,214,odd_sem_classes,0,32.8,39.8,0.0,0.28,0.51,3875,3060,410,9032.0,15.6,601033.3,929.2,59.18,767.9,8562.0,7978.5
2025-08-03,6,1,8,215,odd_sem_classes,0,33.6,39.2,0.0,0.11,0.31,3875,3060,410,8677.4,9.5,665593.8,946.9,62.41,891.8,7978.5,10684.1
2025-08-04,0,0,8,216,odd_sem_classes,0,34.5,41.7,0.0,0.11,0.32,7557,3298,3854,11317.3,12.2,739256.9,1830.5,86.64,891.8,10684.1,11170.8
2025-08-05,1,0,8,217,odd_sem_classes,0,32.4,40.0,0.0,0.2,0.94,7557,3298,3854,11291.8,35.8,837386.9,1802.8,85.43,826.2,11170.8,11231.4
2025-08-06,2,0,8,218,odd_sem_classes,0,35.0,40.4,0.0,0.36,0.38,7557,3298,3854,11199.2,14.5,851011.1,1818.4,85.49,709.6,11231.4,10975.2
2025-08-07,3,0,8,219,odd_sem_classes,0,31.2,38.6,0.0,0.28,0.54,7557,3298,3854,10941.7,20.6,599579.5,1832.3,86.33,767.9,10975.2,11450.7
2025-08-08,4,0,8,220,odd_sem_classes,0,33.9,39.2,0.0,0.03,0.75,7557,3298,3854,11773.7,28.6,749432.6,1826.3,87.94,950.1,11450.7,8491.8
2025-08-09,5,1,8,221,odd_sem_classes,0,32.0,39.5,0.0,0.14,0.67,3875,3060,410,8871.0,20.5,474615.8,919.9,57.69,869.9,8491.8,8231.6
2025-08-10,6,1,8,222,odd_sem_classes,0,33.8,39.4,0.0,0.07,0.44,3875,3060,410,9113.3,13.5,670310.8,921.3,60.3,921.0,8231.6,10943.8
2025-08-11,0,0,8,223,odd_sem_classes,0,34.3,40.9,5.2,0.45,0.69,7557,3298,3854,11352.1,26.3,845053.9,1792.9,85.8,644.0,10943.8,11282.9
2025-08-12,1,0,8,224,odd_sem_classes,0,35.5,42.0,0.0,0.15,0.25,7557,3298,3854,11473.6,9.5,886241.0,1825.4,83.5,862.7,11282.9,11346.0
2025-08-13,2,0,8,225,odd_sem_classes,0,33.0,38.5,0.0,0.22,1.0,7557,3298,3854,11383.2,38.1,843109.3,1804.2,86.7,811.6,11346.0,10980.6
2025-08-14,3,0,8,226,odd_sem_classes,0,33.4,40.8,0.0,0.13,0.57,7557,3298,3854,10921.6,21.7,883915.1,1829.1,84.17,877.2,10980.6,8279.8
2025-08-15,4,0,8,227,odd_sem_classes,1,34.6,41.9,0.0,0.05,0.57,3500,2890,205,8788.5,17.0,575985.7,859.7,57.03,935.6,8279.8,8197.9
2025-08-16,5,1,8,228,odd_sem_classes,0,31.8,38.6,0.0,0.21,0.04,3875,3060,410,9107.9,1.2,473107.6,935.3,61.79,818.9,8197.9,8387.7
2025-08-17,6,1,8,229,odd_sem_classes,0,35.5,42.4,0.0,0.26,0.44,3875,3060,410,9259.5,13.5,632443.6,938.0,58.98,782.5,8387.7,10746.4
2025-08-18,0,0,8,230,odd_sem_classes,0,34.4,41.2,0.0,0.17,1.15,7557,3298,3854,11128.3,43.8,871055.0,1824.5,85.39,848.1,10746.4,10871.1
2025-08-19,1,0,8,231,odd_sem_classes,0,31.5,37.4,1.9,0.28,0.03,7557,3298,3854,10982.7,1.1,607588.4,1813.7,86.41,767.9,10871.1,11513.5
2025-08-20,2,0,8,232,odd_sem_classes,0,34.4,41.8,7.4,0.28,0.86,7557,3298,3854,11666.2,32.8,795718.8,1833.7,86.29,767.9,11513.5,11448.9
2025-08-21,3,0,8,233,odd_sem_classes,0,34.7,40.4,0.0,0.11,0.39,7557,3298,3854,11598.2,14.9,889837.9,1821.6,85.25,891.8,11448.9,11157.0
2025-08-22,4,0,8,234,odd_sem_classes,0,33.0,39.7,0.0,0.11,0,7557,3298,3854,11210.4,0.0,887556.8,1839.4,87.35,891.8,11157.0,8573.1
2025-08-23,5,1,8,235,odd_sem_classes,0,33.6,40.8,0.0,0.27,0.69,3875,3060,410,8870.9,21.2,665549.5,911.4,61.3,775.2,8573.1,8455.4
2025-08-24,6,1,8,236,odd_sem_classes,0,33.9,40.6,0.0,0.18,0.22,3875,3060,410,9301.5,6.7,674219.4,953.0,63.39,840.8,8455.4,10512.4
2025-08-25,0,0,8,237,odd_sem_classes,0,32.3,38.4,0.0,0.11,0.11,7557,3298,3854,10944.8,4.2,866147.5,1831.7,84.91,891.8,10512.4,10957.1
2025-08-26,1,0,8,238,odd_sem_classes,0,35.3,41.6,0.0,0.19,0.11,7557,3298,3854,11139.5,4.2,854384.4,1791.7,85.87,833.5,10957.1,11246.4
2025-08-27,2,0,8,239,odd_sem_classes,0,33.4,40.3,0.0,0.13,0.35,7557,3298,3854,11496.7,13.3,816985.2,1787.8,85.23,877.2,11246.4,11498.4
2025-08-28,3,0,8,240,odd_sem_classes,0,33.4,38.1,0.0,0.03,1.3,7557,3298,3854,11682.5,49.6,847014.6,1827.1,85.12,950.1,11498.4,11489.3
2025-08-29,4,0,8,241,odd_sem_classes,0,34.4,40.6,0.0,0.05,0.21,7557,3298,3854,11786.5,8.0,812332.0,1804.4,84.25,935.6,11489.3,8779.2
2025-08-30,5,1,8,242,odd_sem_classes,0,33.9,39.4,0.0,0.12,0.18,3875,3060,410,9256.2,5.5,586279.6,939.3,59.73,884.5,8779.2,7656.3
2025-08-31,6,1,8,243,odd_sem_classes,0,31.5,37.9,1.7,0.21,0.48,3875,3060,410,8199.5,14.7,440192.7,934.6,60.35,818.9,7656.3,10690.2
2025-09-01,0,0,9,244,odd_sem_classes,0,32.0,39.7,0.0,0.19,0.25,7557,3298,3854,11361.7,9.5,662228.0,1846.3,85.2,833.5,10690.2,11293.8
2025-09-02,1,0,9,245,odd_sem_classes,0,33.3,41.3,16.0,0.74,0.4,7557,3298,3854,11078.9,15.2,935981.2,1820.1,84.17,432.5,11293.8,11279.1
2025-09-03,2,0,9,246,odd_sem_classes,0,34.4,40.7,0.0,0.12,0.53,7557,3298,3854,11404.1,20.2,818873.9,1818.2,87.51,884.5,11279.1,10949.7
2025-09-04,3,0,9,247,odd_sem_classes,0,33.8,40.5,0.0,0.1,0.46,7557,3298,3854,10991.7,17.5,818906.2,1801.7,84.63,899.1,10949.7,11421.0
2025-09-05,4,0,9,248,odd_sem_classes,0,33.6,40.4,0.0,0.0,0.83,7557,3298,3854,11704.7,31.6,897839.9,1818.7,85.56,972.0,11421.0,8388.2
2025-09-06,5,1,9,249,odd_sem_classes,0,33.0,40.1,0.0,0.02,0,3875,3060,410,8795.2,0.0,654412.5,921.4,60.2,957.4,8388.2,8103.7
2025-09-07,6,1,9,250,odd_sem_classes,0,31.9,39.6,0.0,0.37,0.63,3875,3060,410,8758.1,19.3,468574.6,950.2,60.79,702.3,8103.7,10565.0
2025-09-08,0,0,9,251,odd_sem_classes,0,33.7,40.1,0.0,0.02,0.62,7557,3298,3854,11116.2,23.6,807028.7,1833.5,86.21,957.4,10565.0,10932.9
2025-09-09,1,0,9,252,odd_sem_classes,0,32.3,39.2,0.0,0.01,0.57,7557,3298,3854,11195.0,21.7,765972.8,1796.1,86.99,964.7,10932.9,10960.2
2025-09-10,2,0,9,253,odd_sem_classes,0,33.0,39.2,0.0,0.14,0.49,7557,3298,3854,11051.7,18.7,773928.0,1806.9,86.95,869.9,10960.2,11091.1
2025-09-11,3,0,9,254,odd_sem_classes,0,33.0,40.5,0.0,0.13,0.5,7557,3298,3854,11175.6,19.1,790754.4,1846.7,87.19,877.2,11091.1,10943.6
2025-09-12,4,0,9,255,odd_sem_classes,0,32.8,39.2,0.0,0.25,0.49,7557,3298,3854,10857.9,18.7,893794.2,1809.9,87.04,789.8,10943.6,8714.6
2025-09-13,5,1,9,256,odd_sem_classes,0,33.4,39.9,0.0,0.1,0.71,3875,3060,410,9228.3,21.8,591804.7,943.4,61.34,899.1,8714.6,8215.5
2025-09-14,6,1,9,257,odd_sem_classes,0,31.9,39.0,0.0,0.24,0.88,3875,3060,410,8967.6,27.0,492254.6,911.9,59.15,797.0,8215.5,10341.5
2025-09-15,0,0,9,258,odd_sem_classes,0,31.1,38.7,0.0,0.37,0.42,7557,3298,3854,10648.7,16.0,640274.8,1807.9,86.09,702.3,10341.5,10766.0
2025-09-16,1,0,9,259,odd_sem_classes,0,31.6,37.1,0.0,0.3,0.88,7557,3298,3854,10797.1,33.5,598823.8,1820.3,85.33,753.3,10766.0,10995.5
2025-09-17,2,0,9,260,odd_sem_classes,0,32.2,39.4,0.0,0.26,0.54,7557,3298,3854,11009.8,20.6,865895.8,1800.0,88.35,782.5,10995.5,11035.9
2025-09-18,3,0,9,261,odd_sem_classes,0,32.1,38.9,0.0,0.17,0.64,7557,3298,3854,11057.7,24.4,822608.9,1827.7,86.58,848.1,11035.9,11375.8
2025-09-19,4,0,9,262,odd_sem_classes,0,32.8,39.4,0.0,0.07,0.46,7557,3298,3854,11661.5,17.5,816640.4,1807.0,87.17,921.0,11375.8,8416.0
2025-09-20,5,1,9,263,odd_sem_classes,0,33.3,41.4,0.0,0.2,0.9,3875,3060,410,8592.7,27.6,642814.9,940.4,62.67,826.2,8416.0,8092.0
2025-09-21,6,1,9,264,odd_sem_classes,0,30.0,35.7,0.0,0.26,0.03,3875,3060,410,8946.0,0.9,447779.7,911.0,59.07,782.5,8092.0,10732.4
2025-09-22,0,0,9,265,odd_sem_classes,0,30.8,37.3,16.9,0.62,0.28,7557,3298,3854,11042.8,10.7,640850.7,1827.0,86.44,520.0,10732.4,10708.6
2025-09-23,1,0,9,266,odd_sem_classes,0,31.7,38.3,0.0,0.02,0,7557,3298,3854,10961.3,0.0,617687.6,1809.9,82.46,957.4,10708.6,11320.9
2025-09-24,2,0,9,267,odd_sem_classes,0,33.7,39.6,0.0,0.11,0.71,7557,3298,3854,11596.1,27.1,828955.3,1808.6,84.16,891.8,11320.9,11060.2
2025-09-25,3,0,9,268,odd_sem_classes,0,32.0,38.7,1.3,0.21,0.45,7557,3298,3854,11145.9,17.2,590625.3,1805.0,87.1,818.9,11060.2,11030.7
2025-09-26,4,0,9,269,odd_sem_classes,0,31.5,37.2,10.3,0.57,0,7557,3298,3854,10952.6,0.0,592540.6,1809.6,85.31,556.5,11030.7,8234.3
2025-09-27,5,1,9,270,odd_sem_classes,0,32.9,39.7,0.0,0.1,0,3875,3060,410,8595.4,0.0,615135.4,928.3,63.42,899.1,8234.3,8067.5
2025-09-28,6,1,9,271,odd_sem_classes,0,33.8,41.2,0.0,0.15,0.3,3875,3060,410,8915.4,9.2,648640.3,907.4,60.95,862.7,8067.5,10869.9
2025-09-29,0,0,9,272,odd_sem_classes,0,32.6,40.2,0.0,0.12,0.2,7557,3298,3854,11566.6,7.6,834551.8,1808.7,85.44,884.5,10869.9,10885.3
2025-09-30,1,0,9,273,odd_sem_classes,0,30.9,36.4,0.0,0.39,0.02,7557,3298,3854,10920.0,0.8,564662.2,1810.2,86.57,687.7,10885.3,10857.6
2025-10-01,2,0,10,274,odd_sem_classes,0,31.0,37.6,0.0,0.35,1.0,7557,3298,3854,10728.7,38.1,635521.6,1830.1,85.82,716.9,10857.6,8162.5
2025-10-02,3,0,10,275,odd_sem_classes,1,31.8,37.9,0.0,0.19,0.45,3500,2890,205,8644.1,13.5,488616.4,823.5,57.05,833.5,8162.5,10953.1
2025-10-03,4,0,10,276,odd_sem_classes,0,32.0,39.1,55.7,1.0,0.43,7557,3298,3854,11078.3,16.4,617001.8,1811.2,87.2,243.0,10953.1,8192.5
2025-10-04,5,1,10,277,odd_sem_classes,0,30.6,37.9,0.0,0.04,0.18,3875,3060,410,8647.1,5.5,443710.9,945.0,58.07,942.8,8192.5,8060.1
2025-10-05,6,1,10,278,odd_sem_classes,0,31.0,37.9,0.0,0.19,0.66,3875,3060,410,8908.4,20.2,439189.5,926.1,61.89,833.5,8060.1,10207.9
2025-10-06,0,0,10,279,odd_sem_classes,0,29.8,35.7,0.0,0.18,0.61,7557,3298,3854,10580.1,23.3,670480.0,1812.9,87.51,840.8,10207.9,10550.5
2025-10-07,1,0,10,280,odd_sem_classes,0,32.1,38.0,0.0,0.08,0.49,7557,3298,3854,10606.6,18.7,866461.3,1823.2,85.45,913.7,10550.5,11293.0
2025-10-08,2,0,10,281,odd_sem_classes,0,30.9,37.2,35.4,0.94,0.56,7557,3298,3854,11019.3,21.3,647448.4,1841.6,88.55,286.7,11293.0,11083.0
2025-10-09,3,0,10,282,odd_sem_classes,0,31.9,38.0,0.0,0.1,0.01,7557,3298,3854,11294.1,0.4,616257.8,1815.7,86.99,899.1,11083.0,10947.9
2025-10-10,4,0,10,283,odd_sem_classes,0,31.5,37.6,0.0,0.18,0.18,7557,3298,3854,11048.3,6.9,680739.7,1811.4,85.92,840.8,10947.9,8136.1
2025-10-11,5,1,10,284,odd_sem_classes,0,31.4,38.5,0.0,0.21,0.11,3875,3060,410,8417.8,3.4,511132.6,941.2,60.55,818.9,8136.1,7787.3
2025-10-12,6,1,10,285,odd_sem_classes,0,31.4,37.8,0.0,0.24,0.01,3875,3060,410,8599.3,0.3,455285.9,902.9,57.48,797.0,7787.3,10458.1
2025-10-13,0,0,10,286,odd_sem_classes,0,31.7,39.7,0.0,0.11,0.53,7557,3298,3854,11134.6,20.2,580283.0,1795.9,83.85,891.8,10458.1,10808.0
2025-10-14,1,0,10,287,odd_sem_classes,0,31.4,36.9,0,0.07,0.12,7557,3298,3854,11102.0,4.6,574852.9,1821.8,85.49,921.0,10808.0,10804.2
2025-10-15,2,0,10,288,odd_sem_classes,0,30.3,36.3,0,0.03,0.41,7557,3298,3854,11014.2,15.6,639557.1,1804.1,84.75,950.1,10804.2,10651.0
2025-10-16,3,0,10,289,odd_sem_classes,0,30.5,38.7,12.3,0.44,0.58,7557,3298,3854,10498.7,22.1,620598.9,1791.8,85.24,651.2,10651.0,11118.2
2025-10-17,4,0,10,290,odd_sem_classes,0,32.8,38.5,0.0,0.05,0.74,7557,3298,3854,11359.3,28.2,813753.6,1809.6,85.14,935.6,11118.2,8877.5
2025-10-18,5,1,10,291,odd_sem_classes,0,32.4,39.7,30.5,0.96,0.23,3875,3060,410,8800.0,7.1,622685.3,964.0,62.29,272.2,8877.5,8156.7
2025-10-19,6,1,10,292,odd_sem_classes,0,31.5,38.6,10.8,0.62,0.55,3875,3060,410,8586.6,16.9,475407.3,930.6,58.73,520.0,8156.7,7411.6
2025-10-20,0,0,10,293,odd_sem_classes,1,29.3,38.0,0.0,0.2,0.07,3500,2890,205,8192.5,2.1,417908.6,837.5,55.96,826.2,7411.6,10265.8
2025-10-21,1,0,10,294,odd_sem_classes,0,27.4,33.9,25.0,0.72,0.07,7557,3298,3854,10501.5,2.7,603566.7,1816.4,87.09,447.1,10265.8,10804.7
2025-10-22,2,0,10,295,odd_sem_classes,0,30.1,37.9,0.0,0.14,0.82,7557,3298,3854,11015.2,31.3,606591.1,1801.8,85.39,869.9,10804.7,10768.0
2025-10-23,3,0,10,296,odd_sem_classes,0,29.6,35.2,0.0,0.1,0.2,7557,3298,3854,10903.8,7.6,656310.9,1822.9,84.99,899.1,10768.0,10710.7
2025-10-24,4,0,10,297,odd_sem_classes,0,28.4,35.6,0.0,0.08,0.57,7557,3298,3854,10817.6,21.7,604648.1,1825.4,84.73,913.7,10710.7,7848.7
2025-10-25,5,1,10,298,odd_sem_classes,0,29.4,34.5,0.0,0.07,0,3875,3060,410,8217.1,0.0,451841.0,926.3,60.2,921.0,7848.7,7683.4
2025-10-26,6,1,10,299,odd_sem_classes,0,29.5,36.2,0.0,0.08,0,3875,3060,410,8572.6,0.0,431576.2,943.6,60.3,913.7,7683.4,10644.0
2025-10-27,0,0,10,300,odd_sem_classes,0,30.0,36.6,25.2,0.69,0.47,7557,3298,3854,10947.6,17.9,577762.7,1832.5,86.73,469.0,10644.0,10384.1
2025-10-28,1,0,10,301,odd_sem_classes,0,29.9,37.1,0.0,0.16,0.66,7557,3298,3854,10339.3,25.2,586740.0,1808.1,84.31,855.4,10384.1,10346.3
2025-10-29,2,0,10,302,odd_sem_classes,0,28.3,35.3,0.0,0.2,0.52,7557,3298,3854,10267.4,19.8,672737.2,1828.0,83.56,826.2,10346.3,11208.9
2025-10-30,3,0,10,303,odd_sem_classes,0,29.9,36.1,32.6,1.0,0,7557,3298,3854,11020.9,0.0,612868.6,1820.2,86.43,243.0,11208.9,10884.7
2025-10-31,4,0,10,304,odd_sem_classes,0,28.4,35.6,0.0,0.12,0.5,7557,3298,3854,10978.2,19.1,543010.8,1824.1,85.14,884.5,10884.7,8058.9
2025-11-01,5,1,11,305,odd_sem_classes,0,29.4,35.2,0.0,0.17,0.04,3875,3060,410,8360.1,1.2,454072.3,952.3,62.12,848.1,8058.9,7426.5
2025-11-02,6,1,11,306,odd_sem_classes,0,28.5,34.4,0.0,0.05,0.3,3875,3060,410,8163.7,9.2,490237.9,911.8,62.04,935.6,7426.5,9861.0
2025-11-03,0,0,11,307,odd_sem_classes,0,26.5,33.5,0.0,0.22,0.28,7557,3298,3854,10258.7,10.7,609773.7,1815.8,85.85,811.6,9861.0,10570.9
2025-11-04,1,0,11,308,odd_sem_classes,0,29.2,36.2,0.0,0.09,0.15,7557,3298,3854,10861.2,5.7,676655.2,1791.7,88.16,906.4,10570.9,11138.8
2025-11-05,2,0,11,309,odd_sem_classes,0,30.9,37.3,0.0,0.14,1.0,7557,3298,3854,11345.6,38.1,662642.7,1825.6,86.4,869.9,11138.8,10768.7
2025-11-06,3,0,11,310,odd_sem_classes,0,26.7,32.3,25.4,0.83,0,7557,3298,3854,10355.2,0.0,648076.4,1794.5,88.75,366.9,10768.7,10371.8
2025-11-07,4,0,11,311,odd_sem_classes,0,26.3,32.1,29.4,0.76,0.01,7557,3298,3854,9950.7,0.4,543447.5,1803.1,87.97,418.0,10371.8,8156.5
2025-11-08,5,1,11,312,odd_sem_classes,0,28.2,35.3,36.6,1.0,0.39,3875,3060,410,8006.0,12.0,459528.4,919.9,64.13,243.0,8156.5,8012.0
2025-11-09,6,1,11,313,odd_sem_classes,0,29.3,36.0,22.8,0.75,0,3875,3060,410,8516.0,0.0,470603.3,914.5,59.61,425.3,8012.0,10374.8
2025-11-10,0,0,11,314,odd_sem_classes,0,29.0,34.5,14.7,0.53,0,7557,3298,3854,10646.9,0.0,620531.0,1827.7,88.77,585.6,10374.8,10534.5
2025-11-11,1,0,11,315,odd_sem_classes,0,27.4,32.5,20.1,0.64,0.26,7557,3298,3854,10272.6,9.9,672954.9,1808.6,85.11,505.4,10534.5,10974.8
2025-11-12,2,0,11,316,odd_sem_classes,0,29.0,34.5,28.7,0.83,0.51,7557,3298,3854,10718.6,19.4,591742.3,1817.1,86.35,366.9,10974.8,10451.0
2025-11-13,3,0,11,317,odd_sem_classes,0,27.3,33.4,0.0,0.17,0,7557,3298,3854,10410.6,0.0,612862.0,1820.4,84.34,848.1,10451.0,10349.0
2025-11-14,4,0,11,318,odd_sem_classes,0,26.0,31.9,27.1,0.73,0,7557,3298,3854,9991.3,0.0,616149.3,1804.6,83.82,439.8,10349.0,8326.9
2025-11-15,5,1,11,319,odd_sem_classes,0,28.1,34.5,32.1,0.97,0.21,3875,3060,410,8263.7,6.4,465700.5,950.6,60.28,264.9,8326.9,7496.4
2025-11-16,6,1,11,320,odd_sem_classes,0,26.2,33.7,0.0,0.25,0.06,3875,3060,410,8095.7,1.8,465717.2,916.5,60.12,789.8,7496.4,9887.7
2025-11-17,0,0,11,321,odd_sem_classes,0,28.6,35.0,0.0,0.11,0,7557,3298,3854,10364.4,0.0,592027.6,1844.4,85.88,891.8,9887.7,10387.9
2025-11-18,1,0,11,322,odd_sem_classes,0,28.0,35.0,0.0,0.18,0.11,7557,3298,3854,10543.1,4.2,587466.9,1815.8,86.3,840.8,10387.9,10185.7
2025-11-19,2,0,11,323,odd_sem_classes,0,27.7,35.3,0.0,0.22,0,7557,3298,3854,10148.5,0.0,583996.3,1805.0,85.8,811.6,10185.7,9276.2
2025-11-20,3,0,11,324,odd_sem_exam,0,27.4,34.3,0.0,0.03,0.27,6915,3230,3280,9196.3,9.9,593405.4,1666.9,82.11,950.1,9276.2,9265.6
2025-11-21,4,0,11,325,odd_sem_exam,0,27.2,33.7,0.0,0.04,0.31,6915,3230,3280,9387.2,11.4,557472.8,1660.8,82.44,942.8,9265.6,6997.6
2025-11-22,5,1,11,326,odd_sem_exam,0,26.7,32.8,0.0,0.0,0.48,3875,3060,410,7312.8,14.7,451679.7,925.8,59.65,972.0,6997.6,6729.6
2025-11-23,6,1,11,327,odd_sem_exam,0,24.9,33.6,0.0,0.19,0,3875,3060,410,7320.6,0.0,443722.3,930.2,60.37,833.5,6729.6,9315.0
2025-11-24,0,0,11,328,odd_sem_exam,0,23.5,29.1,38.8,1.0,0,6915,3230,3280,9374.0,0.0,572320.1,1645.7,78.15,243.0,9315.0,9104.5
2025-11-25,1,0,11,329,odd_sem_exam,0,23.7,30.8,0.0,0.14,0.53,6915,3230,3280,9101.2,19.5,566366.9,1618.0,83.43,869.9,9104.5,9038.0
2025-11-26,2,0,11,330,odd_sem_exam,0,26.1,32.8,0.0,0.07,0.42,6915,3230,3280,9017.1,15.5,598315.2,1685.7,80.52,921.0,9038.0,9302.3
2025-11-27,3,0,11,331,odd_sem_exam,0,25.4,34.0,0.0,0.11,0,6915,3230,3280,9473.7,0.0,647032.5,1643.8,79.49,891.8,9302.3,9163.6
2025-11-28,4,0,11,332,odd_sem_exam,0,25.7,32.8,0.0,0.18,0.09,6915,3230,3280,9119.8,3.3,623622.5,1671.7,81.47,840.8,9163.6,7666.1
2025-11-29,5,1,11,333,odd_sem_exam,0,24.5,31.5,21.9,0.79,0,3875,3060,410,7791.0,0.0,440962.4,907.9,60.96,396.1,7666.1,7481.6
2025-11-30,6,1,11,334,odd_sem_exam,0,26.2,32.4,65.4,1.0,0.02,3875,3060,410,7659.9,0.6,486571.9,913.2,62.77,243.0,7481.6,8806.1
2025-12-01,0,0,12,335,odd_sem_exam,0,25.0,30.8,0.0,0.21,0.22,6915,3230,3280,9018.2,8.1,609132.3,1638.8,80.17,818.9,8806.1,8937.3
2025-12-02,1,0,12,336,odd_sem_exam,0,25.0,32.4,0.0,0.17,0.23,6915,3230,3280,8903.6,8.5,576940.6,1676.3,82.04,848.1,8937.3,9142.4
2025-12-03,2,0,12,337,odd_sem_exam,0,24.6,30.3,0.0,0.23,0,6915,3230,3280,9174.1,0.0,609398.4,1646.0,84.28,804.3,9142.4,9256.8
2025-12-04,3,0,12,338,odd_sem_exam,0,25.1,30.8,0.0,0.06,0.23,6915,3230,3280,9370.8,8.5,591701.8,1674.7,80.64,928.3,9256.8,9292.9
2025-12-05,4,0,12,339,odd_sem_exam,0,25.4,30.8,0.0,0.16,0.44,6915,3230,3280,9329.1,16.2,611496.0,1648.1,80.55,855.4,9292.9,7389.5
2025-12-06,5,1,12,340,odd_sem_exam,0,25.3,31.0,0.0,0.33,0.1,3875,3060,410,7653.7,3.1,442866.2,934.7,60.77,731.4,7389.5,6885.6
2025-12-07,6,1,12,341,odd_sem_exam,0,25.9,31.4,0.0,0.22,0.22,3875,3060,410,7372.0,6.7,463377.3,952.9,61.52,811.6,6885.6,8593.2
2025-12-08,0,0,12,342,odd_sem_exam,0,24.2,29.6,5.5,0.34,0.06,6915,3230,3280,8706.3,2.2,592490.9,1681.8,81.81,724.1,8593.2,8996.4
2025-12-09,1,0,12,343,odd_sem_exam,0,24.2,29.8,13.4,0.33,0.12,6915,3230,3280,8964.5,4.4,585388.2,1653.5,80.59,731.4,8996.4,9164.8
2025-12-10,2,0,12,344,odd_sem_exam,0,25.5,32.3,0.0,0.2,0,6915,3230,3280,9256.9,0.0,590334.6,1624.3,83.46,826.2,9164.8,10151.6
2025-12-11,3,0,12,345,even_sem_classes,0,25.7,30.8,0.0,0.22,0,7557,3298,3854,10375.5,0.0,581894.4,1794.2,86.67,811.6,10151.6,10050.6
2025-12-12,4,0,12,346,even_sem_classes,0,25.5,33.3,0.0,0.23,0.51,7557,3298,3854,9913.7,19.4,604727.9,1808.1,87.94,804.3,10050.6,7660.1
2025-12-13,5,1,12,347,even_sem_classes,0,25.8,32.1,0.0,0.03,0.37,3875,3060,410,8067.8,11.3,475923.7,926.8,60.76,950.1,7660.1,7068.7
2025-12-14,6,1,12,348,even_sem_classes,0,23.1,29.9,3.6,0.38,0.41,3875,3060,410,7438.1,12.6,509425.2,938.7,62.24,695.0,7068.7,9716.5
2025-12-15,0,0,12,349,even_sem_classes,0,24.1,30.5,0.0,0.07,0,7557,3298,3854,10287.7,0.0,586365.5,1813.4,85.38,921.0,9716.5,9785.0
2025-12-16,1,0,12,350,even_sem_classes,0,23.3,30.8,0.0,0.21,0.03,7557,3298,3854,9739.2,1.1,603107.0,1787.9,85.34,818.9,9785.0,10052.0
2025-12-17,2,0,12,351,even_sem_classes,0,26.1,32.3,0.0,0.24,0,7557,3298,3854,10071.1,0.0,570450.6,1817.6,82.74,797.0,10052.0,10258.0
2025-12-18,3,0,12,352,even_sem_classes,0,23.0,29.6,0.0,0.03,0,7557,3298,3854,10425.7,0.0,590199.0,1830.6,85.41,950.1,10258.0,9973.4
2025-12-19,4,0,12,353,even_sem_classes,0,24.2,31.0,3.6,0.42,0.51,7557,3298,3854,9597.2,19.4,622502.9,1840.8,85.47,665.8,9973.4,5278.8
2025-12-20,5,1,12,354,winter_break,0,23.9,29.8,0.0,0.25,0.64,1010,680,82,5753.8,15.9,103511.4,261.4,14.22,789.8,5278.8,4358.3
2025-12-21,6,1,12,355,winter_break,0,25.5,33.0,5.3,0.15,0.45,1010,680,82,5542.8,11.2,105550.5,263.4,10.18,862.7,4358.3,4581.2
2025-12-22,0,0,12,356,winter_break,0,26.1,32.1,0.0,0.12,0,1010,680,82,6119.0,0.0,110187.8,250.9,14.48,884.5,4581.2,4298.9
2025-12-23,1,0,12,357,winter_break,0,21.9,28.8,0.0,0.27,0,1010,680,82,5615.9,0.0,113460.4,212.9,12.44,775.2,4298.9,4014.5
2025-12-24,2,0,12,358,winter_break,0,24.5,30.7,0.0,0.14,0,1010,680,82,5337.8,0.0,105201.5,228.7,14.38,869.9,4014.5,4260.1
2025-12-25,3,0,12,359,winter_break,1,22.3,28.1,0.0,0.17,0,1010,680,82,5702.2,0.0,114468.8,248.9,13.0,848.1,4260.1,4431.7
2025-12-26,4,0,12,360,winter_break,0,23.8,31.5,0.0,0.23,0.24,1010,680,82,5852.9,6.0,105274.3,234.4,13.99,804.3,4431.7,4674.8
2025-12-27,5,1,12,361,winter_break,0,26.0,33.0,0.0,0.11,0.63,1010,680,82,6219.9,15.7,111317.3,241.2,10.8,891.8,4674.8,4473.0
2025-12-28,6,1,12,362,winter_break,0,22.4,29.7,0.0,0.1,0.51,1010,680,82,5864.0,12.7,113933.7,253.3,14.43,899.1,4473.0,4591.6
2025-12-29,0,0,12,363,winter_break,0,22.8,30.1,0.0,0.17,0,1010,680,82,6068.1,0.0,113611.8,256.9,13.07,848.1,4591.6,4478.9
2025-12-30,1,0,12,364,winter_break,0,20.7,26.4,0.0,0.0,0.73,1010,680,82,5982.0,18.1,116225.2,229.2,13.45,972.0,4478.9,4271.6
